ID,adopted_within_07_days
ID_VR75BG,0.9214857431604898
ID_D2J0WZ,0.30814637816053747
ID_CWLNAK,0.337466113411063
ID_9BU2DP,0.8951151886392369
ID_QTX80L,0.03439966641902925
ID_ZN2B0I,0.011671203344271144
ID_LZTQB3,0.3579686538236414
ID_GBKT0A,0.03426099340247379
ID_A5272C,0.8368039713503391
ID_M830O3,0.3169410959909986
ID_B8AWTG,0.2989991131224411
ID_O2FG96,0.7788884193429049
ID_U8023Z,0.29932778883143896
ID_YNH8P8,0.29874517727582056
ID_4H55KD,0.2957981281693223
ID_43ONVH,0.30428738389675225
ID_D22OY1,0.9263267883224501
ID_WXRR19,0.9330887153534114
ID_QPK39H,0.29503769283076975
ID_2Y4T1Y,0.6793244196739264
ID_NR622T,0.933407631230206
ID_RH0FB1,0.2879066563063003
ID_MTBT69,0.2910299328191105
ID_VA1A86,0.916877791542315
ID_TB1R95,0.020260619107030975
ID_KH4HTN,0.0413110471298903
ID_92TH5X,0.9361457092766998
ID_ODTXQG,0.7824197476979793
ID_HL8WRT,0.00014599006960123607
ID_578R69,0.3283675963412075
ID_2X847R,0.3257955607343943
ID_Y47LZX,0.34692510713463315
ID_B1PJR0,0.6268348555540835
ID_0FFWV1,0.2910299328191105
ID_U1XDGM,0.3830633425113282
ID_RO6W6C,0.33363281310858184
ID_UFKWDA,0.3189028389598784
ID_P8Q04V,0.8501767108104019
ID_JLJ03D,0.9959208501525829
ID_B8QILA,0.2968822422235306
ID_JE3FZR,0.8260872835199922
ID_LQ9CHV,0.3189028389598784
ID_XSLBHB,0.3216252702983862
ID_9VLEGV,0.5562585099217748
ID_7U65QA,0.00041597731714598937
ID_ZSZ56U,0.0012342625339000772
ID_7P6UJA,0.9400885838151422
ID_4NIXHH,0.0020239667919685063
ID_ZSR9YY,0.0007913191673336016
ID_G52BSJ,0.874434630337
ID_V0QT54,0.5139281692764505
ID_VMIGJX,0.0018638154211556776
ID_U7RLPJ,0.2982442904336253
ID_LFBHSJ,0.33972886657995116
ID_TEQ9BY,0.002360621693266352
ID_G6RY2W,0.7694192585909039
ID_PRYAL5,0.0005590636201710855
ID_2QCLF5,0.09079608080823588
ID_A8KNGU,0.0006677433773287658
ID_W4SD30,0.6701509159613027
ID_R8E5BZ,0.000712940336092901
ID_CKGM7U,0.0019501535291641934
ID_QECMWH,0.7636464263140913
ID_V2IQ0U,0.29924980404276147
ID_1TDW2G,0.7304867091501268
ID_VWDTB0,0.0009541175605740004
ID_QA2ZXS,0.0009160207876699214
ID_WZK14V,0.04401417982853464
ID_JTSQGK,0.0003115716475902425
ID_W00JRV,0.8991981266618521
ID_TFU0ON,0.7455079516777837
ID_X7Y768,0.5858310700252143
ID_COGMQY,0.2935571726384088
ID_V56UJ0,0.006012759858341925
ID_A9F0SA,0.03494386098870601
ID_T0R4DQ,0.7992785624526787
ID_FNKU5J,0.9956359184069269
ID_O4BEWL,0.5130004073392287
ID_ZS8C0E,0.001258508314810489
ID_PF7XD4,0.0016955723139557247
ID_UYBX1V,0.005336564604930841
ID_LO1564,0.0005945171928440821
ID_PPBE9O,0.359096303092197
ID_4BBLHF,0.0015522182342195662
ID_62C1UU,0.011718727346168413
ID_VV1EP8,0.2878231445811851
ID_7H5QYW,0.00029358866049113684
ID_BGZ2W7,0.39207715873372384
ID_UY3NRT,0.7606776080474436
ID_TJNMZN,0.33039393898200486
ID_29M6GX,0.012980898220711865
ID_1JNV1N,0.9209525785037648
ID_OPAVA5,0.8122261296363599
ID_VWLE3Y,0.44561988749576453
ID_85V3OU,0.9228293560262556
ID_H2QQ55,0.6176665206204394
ID_87LUQV,0.001049330171950853
ID_K2IG09,0.38999112482138987
ID_KICIFI,0.9880218789235095
ID_9RVK4H,0.002369730630752611
ID_R9DG37,0.4083992825162224
ID_08ZRLG,0.6765604576613728
ID_YHCKM6,0.5640328535804493
ID_29MK5P,0.03247833442052258
ID_HONYPZ,0.0029895622303764175
ID_UVTBTC,0.001776013908772683
ID_YC2W03,0.3547870308232384
ID_H8WEF2,0.37245135841618754
ID_NIJMQ3,0.6450489447758847
ID_T197KY,0.002885888075494039
ID_7B3XF7,0.3420768238460118
ID_K1YXS7,0.6552603007931701
ID_5SAX4X,0.9963198233721823
ID_CBAIC6,0.3539773507355166
ID_8FU98R,0.011543726181266164
ID_1TXV8S,0.8281573039505798
ID_4132WW,0.8503399551344913
ID_ZQCGLL,0.29905174761218234
ID_IYWMLT,0.9395462445315472
ID_H1ZY5Y,0.30255010515609426
ID_NZWV2X,0.0018915406448804868
ID_FJ0M8V,0.055621705835297054
ID_CAGXV4,0.35573218808277396
ID_CSBMV3,0.6994552494005957
ID_WEB0YK,0.2988331594984609
ID_6STE3N,0.2867676695210027
ID_OV3QFN,0.7583752113668188
ID_Q0TGT6,0.29530231946951746
ID_P9E5FI,0.004387409046879265
ID_RH7MZM,0.7487553038956485
ID_NCCRX4,0.33100772062154904
ID_U4OV15,0.2969671392872075
ID_06M6RK,0.38456281927545377
ID_MXU815,0.2932677155881191
ID_V1BEMX,0.0029785972565817185
ID_O5NPMJ,0.9657467033656866
ID_88RRYC,0.995078616869905
ID_OBTUA4,0.5962601694942038
ID_AT8XYC,0.401914731461226
ID_8BKSJD,0.8410071159493989
ID_IXT4JS,0.018128335400081897
ID_2H05G0,0.6335163216388171
ID_1H8HWS,0.002846624989623437
ID_DS5T0S,0.0027884797075495523
ID_4ERQL7,0.60616733243825
ID_C5CWSZ,0.458985425199446
ID_8R6GJN,0.3005330444164669
ID_JNICE2,0.0017388338675107147
ID_1FXI7K,0.0013886059609300738
ID_Y81WH5,0.01253464450823148
ID_JR2RF3,0.8233017575364804
ID_K3KBW4,0.3476212615280665
ID_QZA608,0.9372078073648741
ID_X90517,0.8676624032265309
ID_1FWTUW,0.004477191216738206
ID_I4KKYJ,0.2981261426805153
ID_ZNVWSY,0.000712940336092901
ID_VM5DT7,0.9285515268768183
ID_VHPXCA,0.9028946346145835
ID_KGTKG9,0.3800457531261809
ID_SVR41Q,0.8528011848267718
ID_UGJO0F,0.06146359083819919
ID_2DLWNI,0.2998833981914214
ID_67ZTCO,0.0006661899549946466
ID_H1H3AF,0.0037979032590771894
ID_Z2GBYO,0.38456281927545377
ID_O2VOCN,0.022893567287221264
ID_INZ9BP,0.700640701971693
ID_OZXD4B,0.5355411761743565
ID_5VDZZ5,0.003749098990159096
ID_RQCKXN,0.5286366176632775
ID_7ZOZV9,0.05548503168726568
ID_25FJW0,0.0019015160480808269
ID_IFV10N,0.44178535137081565
ID_5IANXR,0.35343346505594064
ID_DBDWX7,0.008155813060771849
ID_D4E6VO,0.9970830582530447
ID_11V0JG,0.2981959258995677
ID_L89JQO,0.13294645134059083
ID_U5GVIU,0.37426969558762474
ID_B6MAL1,0.29699679528764344
ID_DOMF0G,0.000590909975049905
ID_4I3EXN,0.004882590688685689
ID_DIFFHM,0.3054525055409484
ID_EJNDYZ,0.7712975058285447
ID_IC6WMZ,0.07738672563171052
ID_B0WIRR,0.9574138354831364
ID_6A0OPH,0.003918077799409734
ID_PRJRBG,0.5093741743561928
ID_22FNIZ,0.013553486697005986
ID_6NJTL3,0.6414376514555103
ID_91KHTG,0.013132907801974751
ID_TMAMYW,0.29978523073413943
ID_HY6EL2,0.34296450338945556
ID_6KV0FD,0.0038309809157032965
ID_94BGR2,0.0007876715711219325
ID_UMXLND,0.0008190851936655336
ID_WZWKJ1,0.9684340114989637
ID_RWJE96,0.2924772534994163
ID_7VM4QS,0.20923930605021612
ID_9B07NZ,0.000712940336092901
ID_UMALEC,0.37199732392802554
ID_3AFWR0,0.048802495331054394
ID_77BR18,0.0001471882229785319
ID_9XM9AU,0.8969287247113419
ID_EBNADJ,0.3390603723096246
ID_L1B8YI,0.9879469392086745
ID_SX7SZX,0.13235925915801114
ID_U4924F,0.03541581720945707
ID_RJJKAF,0.38456281927545377
ID_BPZF4C,0.0019049883574358151
ID_7LQORR,0.007375697618955471
ID_EVHZS3,0.0014148834744614788
ID_QVA1T0,0.0016652022884427488
ID_DS2IOB,0.34778644912335643
ID_6ZGSVA,0.2988331594984609
ID_I7FG5P,0.002720482456678148
ID_P2OHI6,0.3018041459600847
ID_F14FBC,0.9376549422954575
ID_VEGE04,0.012922117398574552
ID_BF3PM9,0.3243165499456659
ID_AX5OQQ,0.0016940034498587537
ID_4RQFOA,0.0020190711196776774
ID_A5RB2A,0.0008766210422503106
ID_7W0ZWH,0.30860858440233657
ID_1S3L2M,0.2927847921757902
ID_ZXRWSW,0.293343446960147
ID_CRMJV9,0.03247833442052258
ID_JYKVII,0.0012970333810202064
ID_X2KSWS,0.46907482379438353
ID_8R7FDO,0.3806555156964184
ID_J0ZPIJ,0.3827651072746095
ID_6CAG1W,0.7261926357793731
ID_8B8ZCD,0.0005933802033143767
ID_O2F8AD,0.7360707775934805
ID_HWX78Y,0.0013771599567889551
ID_XSKSCQ,0.00973235530308147
ID_M3AMCA,0.006259887966903499
ID_6SAGBW,0.11667234774897466
ID_1S0R7G,0.0013771599567889551
ID_RH1HAP,0.802769522194129
ID_TVMPNB,0.35573218808277396
ID_8KQWZ8,0.8088544119147228
ID_V99S9Y,0.0027884797075495523
ID_Z6E92I,0.3907609219362109
ID_MM73YO,0.3889826604177847
ID_EC4809,0.0004397392497109588
ID_7JA0FX,0.02669825642663211
ID_DHXLXO,0.0012097908064138084
ID_WLLRJS,0.5917534788096439
ID_QJTB4G,0.07013739301844975
ID_E3HAO8,0.00015937395264049742
ID_DYLQO7,0.3897865711006016
ID_3UTCS8,0.34186457058002234
ID_ZK3KHF,0.002288858077573509
ID_GNGQVK,0.12493483694449516
ID_X02F8P,0.0004397392497109588
ID_EG8XV5,0.3198552883234213
ID_BDKUFQ,0.8960211290748165
ID_3DJ5CB,0.003932158499767642
ID_UIT4E1,0.3889826604177847
ID_PM7Z0M,0.0005099870155829521
ID_Y8K03C,0.6365231880548291
ID_YOFFFW,0.2902007247356384
ID_3UUS9I,0.0002075841214635355
ID_WF8QOM,0.028628417766934096
ID_A2F6SR,0.2990440054030124
ID_PQ76K1,0.000997897499218193
ID_4F4JBP,0.009141905773966218
ID_R0A13G,0.09522848112898097
ID_9YGB7D,0.7644954568988613
ID_L4539E,0.38341015341544527
ID_Z3ZQTO,0.3497921190317392
ID_G1LIDB,0.0004183418835150657
ID_KTVDPJ,0.6400996652269766
ID_YKHHMD,0.8373452317212895
ID_GVVTIL,0.000821835373269373
ID_AEFBGP,0.34002177206247447
ID_7W61DF,0.0009042233879814797
ID_3FLGF5,0.49393886686033056
ID_19CYHE,0.0037989425477240827
ID_LAM12Z,0.3803759651451287
ID_LDKKT2,0.4824007990880165
ID_X4633K,0.0007572275763542025
ID_W6FKX7,0.05841735884278056
ID_KD10FV,0.010674767639659716
ID_9X4A2J,0.0015735223949801744
ID_MOW72E,0.0003972794603805854
ID_IJYTJL,0.000728209220317588
ID_E9MHW0,0.7408933238388417
ID_W3NFKF,0.7715142032617487
ID_8OC33R,0.37295119252823816
ID_5NZN44,0.40431610647339183
ID_9PMRGF,0.0010717571956416361
ID_1VPGGV,0.004818389352402298
ID_IK70C7,0.009750202596699158
ID_ZVETXD,0.07306713348293123
ID_2GLKZ9,0.30139034153139305
ID_K5A2SR,0.505418596983342
ID_48WCER,0.42407661241455774
ID_2OQKS3,0.9013641858164158
ID_68CQXJ,0.3050056439285376
ID_DKMT94,0.0015697214200291476
ID_B7ULF0,0.9547375419037726
ID_K9DGDT,0.6672924973104194
ID_BV5WZ4,0.02244239105027438
ID_YR5P2Y,0.30218189216111474
ID_Z8UG24,0.397389359684332
ID_AELGXQ,0.8085449200950122
ID_LXDK2N,0.013525388719550382
ID_5K5FLI,0.3011820783419236
ID_ZA5IVI,0.04324013033466113
ID_BEF9GH,0.3260562038603735
ID_IFRRVQ,0.00010059278315849163
ID_KDD3KK,0.5212498483836094
ID_SVUIX4,0.052226308005950725
ID_MOYB55,0.9900228948806976
ID_T690HU,0.749756474498171
ID_ZODEHB,0.30092659487226836
ID_ZAE87O,0.4664969603346337
ID_U7TCB1,0.000313655716508035
ID_MSQV9Y,0.0016420120906797241
ID_6PWPEO,0.3239521535831242
ID_PLWUAN,0.4995140770731993
ID_JJ0KF6,0.6166612650982828
ID_MR090N,0.3061309832778009
ID_JSMWJ9,0.010717477093301533
ID_F4BBC1,0.00894425394595179
ID_KCYQFI,0.3044760565044761
ID_32UYQG,0.35609205265247157
ID_1P1BX5,0.01690017949115227
ID_55PA1H,0.033626660451251934
ID_HAS5ZK,0.48436517133113544
ID_TNE9DU,0.5577787798754525
ID_F8TLXQ,0.0016420120906797241
ID_FVLFXE,0.2954010118755554
ID_N9B6YN,0.4365869816321249
ID_NRX18Z,0.36720436339892687
ID_6AFKFD,0.0008197806583980571
ID_FZHZPA,0.31092459731192656
ID_KBXE4I,0.6121954206048985
ID_21USP1,0.32133705659301565
ID_3TZW0G,0.0016916921029226776
ID_GE10WD,0.2946937900488151
ID_Y9SM63,0.003647910016504528
ID_S5H54V,0.44911444935373745
ID_DOOCOP,0.3890548494286728
ID_80PWIE,0.0025820269744092615
ID_I2UBSR,0.0013078205362622819
ID_Y6CROS,0.10830290500729359
ID_SPQV0W,0.3271078841098234
ID_ZL0R8B,0.0021333777398515235
ID_24LPCX,0.0008546985065156758
ID_KFQ5U2,0.5399340086262745
ID_AO0W9G,0.0006504055030544299
ID_TO55VJ,0.6155880204488023
ID_LBJ9RN,0.310658111074099
ID_F0UEE4,0.006082011603913053
ID_3XTB96,0.001061379644379881
ID_XV6FLL,0.8684149346637734
ID_AH90T4,0.0011146854346062245
ID_ILZWB7,0.0010717571956416361
ID_AE057T,0.04173778900203507
ID_M3ZRXK,0.0015272292640623516
ID_5C65UW,0.02070973686204709
ID_TIGPBW,0.9937757534802646
ID_0YK9W5,0.34652631384172533
ID_10UFOG,0.00043685709167126874
ID_YXTSZH,0.3710913906360614
ID_MWV5LM,0.28946972538317206
ID_EYU8B9,0.0017303064459299826
ID_SE6B80,0.000728209220317588
ID_89VXOV,0.6415101305834122
ID_50Q6WW,0.5617046098479288
ID_I8HPL9,0.5881818748361854
ID_J27JG3,0.6118553653736739
ID_C2JK15,0.6291586602085925
ID_DXMZQ1,0.30665919433662175
ID_OFKQOZ,0.01911423631156692
ID_TDL74R,0.5893251763443978
ID_3S8D93,0.3106576452887327
ID_QY2DU3,0.3239521535831242
ID_T1JOYP,0.37979794518817356
ID_HP3842,0.660452925483211
ID_0I1U77,0.0014164063575989854
ID_47A5EL,0.044792679425670154
ID_M7KFNC,0.0016916921029226776
ID_A46IPL,0.831488459580268
ID_7H97HB,0.0006504055030544299
ID_WWDDVH,0.004461848735401615
ID_6Y61BB,0.3050056439285376
ID_4LZ7YB,0.6102567565089103
ID_MRHQEB,0.0015697930146637714
ID_47QCVY,0.29589632540534294
ID_BZ7LYR,0.29873186411236063
ID_Z4YAZX,0.013704975133034173
ID_XDUNN2,0.0014777726783737838
ID_0LIUN9,0.7380943774054177
ID_ST1QBT,0.8850312360046849
ID_OUGDN1,0.00036839292689553737
ID_LG0VQV,0.0135681052977222
ID_T35MUA,0.00050144014122601
ID_G4LNTC,0.29880565724438685
ID_382PH8,0.009363723742436249
ID_IMV0D4,0.582297139056388
ID_EFPQKV,0.000601190093583394
ID_655O9K,0.006972749217304078
ID_C76BE8,0.37297623503888777
ID_P9RX89,0.3065840431345975
ID_ZSH4NV,0.0009745624445514274
ID_UUE77Y,0.5436298777219511
ID_W88UFX,0.006322978159887154
ID_HVRWMK,0.0027256099137664266
ID_D9F489,0.8094703266764297
ID_A53IMM,0.36460024495910914
ID_U5N6OK,0.00338941341127296
ID_0IA3U4,0.013400327606165243
ID_AWMO0O,0.0016582304911237017
ID_YN7UDX,0.0004299490061282595
ID_VAYWTX,0.6722698434608234
ID_3U1SQG,9.568033257693357e-05
ID_0H3X2L,0.28961201909016404
ID_ICN4GJ,0.002289960914953364
ID_0RDR1S,0.4609710933508364
ID_F594CS,0.0003972794603805854
ID_I9VD7X,0.0010717571956416361
ID_19LP0B,0.289145153972849
ID_0SVI1N,0.6168790218433514
ID_0XDJOQ,0.0015168435028646077
ID_DBJOKV,0.00856513781217588
ID_0SY02I,0.008005969630767476
ID_BV3PNF,0.3767152830252803
ID_S411U3,0.9927318308133101
ID_5DONA4,0.38529894457143815
ID_IQQ4OJ,0.0316763333788844
ID_L097TN,0.0007572275763542025
ID_VSOM5X,0.0025499562795431173
ID_AWJ5Z5,0.5959579448461764
ID_BHQ3IW,0.0005092706552874283
ID_97O8TQ,0.5329186792723236
ID_R55MDG,0.4252114703961655
ID_CSVRPM,0.29714872535250797
ID_TJBRAW,0.5577365628919975
ID_KKPFJI,0.0006746662637684972
ID_P1CD1N,0.0018429084952821999
ID_Y3GM2D,0.29777766450151394
ID_ID8ZJY,0.09916545979690879
ID_CWDGJE,0.591379092497482
ID_F9UK6Q,0.0006117281792302951
ID_CRFF3J,0.020113804956086452
ID_TUMTIO,0.31303145966917895
ID_C3PMG7,0.3271078841098234
ID_NOWSN6,0.9862100100564887
ID_6IM3A5,0.000821835373269373
ID_G5DLHL,0.0636812114692855
ID_Q11UH3,0.001766425347519539
ID_LA3E1D,0.06596904921101793
ID_CSGKSU,0.3846882386572053
ID_HKQWOK,0.8445783596345419
ID_GRB582,0.3101745622371254
ID_1VH16J,0.002039067464443556
ID_JGM1I1,0.0017895694784723407
ID_BMBA17,0.5582247412261918
ID_BYRTD5,0.30672667439307805
ID_GZP11Y,0.5796749207310666
ID_MIR1ZQ,0.004132882836492984
ID_HTTJFU,0.3471648742621144
ID_JLGX1S,0.0016916921029226776
ID_H5DOAD,0.3106576452887327
ID_FXOHP9,0.0007268859322733966
ID_QV5XAG,0.000623679768759459
ID_WNH2IG,0.0018429084952821999
ID_P8DUZW,0.0008903678807502773
ID_U95M1M,0.001071718145316511
ID_Z8XGD1,0.6459075703921273
ID_VRZF5I,0.0008135377119699338
ID_9MWO3D,0.001960368870842566
ID_4Z50I0,0.6671951202539914
ID_VV6DDP,0.0008546985065156758
ID_Y96J4G,0.0013936225821627002
ID_8KO7O2,0.3785184291681088
ID_V7UOYM,0.0005056530049954168
ID_VVJKG4,0.0004784897360250827
ID_FR96CQ,0.3206998441502833
ID_OBSNIC,0.003527702887258015
ID_VI3OG1,0.6361127232287558
ID_W1UQJ8,0.0014777726783737838
ID_LO33YI,0.0016265686099840551
ID_JC1QDC,0.0020864389675950674
ID_ZHQ1RM,0.0022419725386052664
ID_NQDJV3,0.0004159434950262705
ID_HRFY7F,0.00672018775077384
ID_CG0I5W,0.0011289024156766897
ID_POY2Z3,0.0820178651801788
ID_9VF5VE,0.28937750356339204
ID_3RG22H,0.0004397392497109588
ID_FRI58F,0.3174261849434427
ID_JOM6MZ,0.2946498301553455
ID_BR4K3Q,0.7368876710170313
ID_OAHWC6,0.0002461718213924803
ID_0V3HJL,0.43186766595081305
ID_HVYWV8,0.7187639824901448
ID_Q757G3,0.6168854052942823
ID_XTL3TX,0.4810876824829493
ID_ZX7DOY,0.8394984346297468
ID_GN4XO9,0.032633623206988545
ID_6R3S3B,0.00023771708070157625
ID_NR5NSO,0.5199014389499534
ID_L6ME2M,0.0027854195591394348
ID_HU6NDX,0.3025269367689061
ID_5OHO9H,0.9903557947022311
ID_PUIV3C,0.31863981359647486
ID_8RZVWS,0.5332652957564772
ID_7RTA6I,0.5502084411410594
ID_ORZGM2,0.3754592874615308
ID_AZ2OKD,0.6295887912954148
ID_5MPNCA,0.4830857008653877
ID_DY2ZOP,0.0024213405338337256
ID_DMCXHL,0.6174901927057812
ID_O24CYV,0.0019176994768789772
ID_73XX1B,0.022850514142925306
ID_52ZF9H,0.5082458607185052
ID_K82WIX,0.600145235403559
ID_UXJ840,0.7243223023157918
ID_E8LQZV,0.3333228567913965
ID_RWVM6K,0.0021862628104397197
ID_WMTG6D,0.6368939663100395
ID_FJ0ASD,0.00088316345533223
ID_CJZLBE,0.0014181856381056818
ID_JI0SSK,0.0021862628104397197
ID_PSG7RD,0.050258925687620234
ID_TC08ZV,0.8442980375648576
ID_QLXIRN,0.3869971611049565
ID_ERXIXC,0.46808001187879644
ID_WDYMXG,0.02024736343824838
ID_ZNDC94,0.002221018699917526
ID_F1DS2D,0.00733863308540615
ID_EDUTGT,0.0028775261867168274
ID_SQ2U5O,0.0022572610297402745
ID_G9YWAB,0.5718552030094296
ID_X256UD,0.3253348805135706
ID_785584,0.0030206248587202034
ID_0B5WWW,0.30145295621890333
ID_2N5Y25,0.7526391718058058
ID_U5QBX2,0.0022587009874578045
ID_O7G110,0.0019177212848209549
ID_8Z1HKR,0.0009978748476165236
ID_9J0M7R,0.49314131475253314
ID_BDBUEN,0.0023297687941986533
ID_4XHBEU,0.041393195897726186
ID_QG6OCC,0.3067519728031764
ID_O8H7KA,0.5933903488856096
ID_FJG29A,0.0014068465994457376
ID_KGPGKH,0.0022572610297402745
ID_BM9C7L,0.0024119671355627642
ID_7JV5CM,0.001497440671910973
ID_ZZBESC,0.0021366480693391513
ID_1LKEBF,0.5978936891561073
ID_8LLSWD,0.003171078464571713
ID_RQ2GR9,0.002193320437365167
ID_P7GTUO,0.3654449029794452
ID_RDHYE8,0.0027854195591394348
ID_BLRE5Q,0.6466206281007489
ID_RNERIG,0.0024879537303932444
ID_SM7J0L,0.6407708039719368
ID_GWTJV0,0.4871796540089853
ID_3QU11Y,0.33351934206948963
ID_KQERIY,0.5739395644613402
ID_1V6O84,0.3389490841745168
ID_M4CX46,0.023951223907597328
ID_FFUMQ3,0.0016736819311070222
ID_P52BGH,0.005482062165314478
ID_HGMIF1,0.0022288982318303075
ID_J9H2QC,0.3193493580438862
ID_KKK0EH,0.8199178679279807
ID_Q63A0W,0.002497316359850529
ID_6SCS8R,0.3066908531150119
ID_4545F2,0.0030693027514544433
ID_EJR9WF,0.8998395325769845
ID_0PJXZ9,0.6938953445431008
ID_EB83CF,0.3212485863262274
ID_PB779J,0.002019039669142645
ID_A28RSR,0.40478330894018033
ID_Q0NTOD,0.8039226021606415
ID_LLPQ6P,0.5951895692253462
ID_B6NR3G,0.49948977772718606
ID_Q2NSZN,0.0020780166370716942
ID_1XKQF0,0.81266709051047
ID_Z97TPJ,0.0017185379076513814
ID_0IGGLA,0.00396402161596773
ID_IR0K1N,0.0028775261867168274
ID_JFNWD4,0.001812123021150624
ID_92GIMH,0.3497090975849608
ID_EDTI23,0.002859037908179418
ID_8LQU8Q,0.30675197280317634
ID_ZPHZWO,0.32898456018018507
ID_BY7KJL,0.34858288500897056
ID_85K5DN,0.0021981809198098616
ID_AQ3TLV,0.7560547201706509
ID_86Z2GN,0.001812123021150624
ID_8JEJ86,0.3191710079237106
ID_J3OKI9,0.45079118975635013
ID_8YJ20L,0.06705253486211747
ID_CBSECK,0.7323491307068146
ID_LTZVDV,0.001766262618635262
ID_KFCTY6,0.7027987439884473
ID_SOVX8K,0.4251639772272421
ID_V3VQ63,0.9821298374132167
ID_XBT3ZU,0.0019660100826685255
ID_NRBMG5,0.002450271231695283
ID_VEKVXX,0.3134538921169453
ID_ANHRD8,0.6787910895087803
ID_MET9K3,0.321427949747
ID_HXN44U,0.0017792668835926663
ID_OE0RRA,0.008451645213468147
ID_WY8C7Y,0.7247561592020149
ID_WDJZJJ,0.7444634273100669
ID_GBZ1S5,0.9734892025655634
ID_TEIJCN,0.3747307128318836
ID_4ZI9DP,0.4490831512627246
ID_GVNVKO,0.002675494184039585
ID_Y074IB,0.6343717229280368
ID_6AS95X,0.0019660100826685255
ID_6PTBHR,0.36167225636383726
ID_E97AO6,0.8674415871127789
ID_LBBHSD,0.0021555991325906826
ID_IRVDYE,0.0020780166370716942
ID_00N48V,0.002094878906402308
ID_2LQUJ4,0.0053395396900346
ID_FDJ925,0.9409705982028275
ID_RN7V5F,0.03451836740862654
ID_8JANG9,0.002093118723521178
ID_MGIF24,0.0024879537303932444
ID_YS82S2,0.8092774836072665
ID_DJD0WZ,0.0035290209691310483
ID_KOU9NL,0.32506658779819836
ID_31KH1F,0.0030206248587202034
ID_2H6O3M,0.0015832850758985286
ID_ZY16RH,0.343791987458289
ID_U4FCM5,0.4569549361716153
ID_IU8K9M,0.7428197463914746
ID_B9BS99,0.0062867719200752955
ID_GY1211,0.0647135485803331
ID_V77N7F,0.10029053143781673
ID_JNC61O,0.45279242242003437
ID_LSKUYQ,0.0024231342596216262
ID_E985VD,0.5837111976807443
ID_JVYLI8,0.6775115212928398
ID_JYTEIB,0.8507593821767627
ID_H3VV66,0.00017455851656737913
ID_K34XJS,0.0023166753111220134
ID_RJI4VC,0.34222841719827596
ID_2DMO1P,0.7233336885240242
ID_KDMAKX,0.46024875789511777
ID_TPG1RJ,0.0014718595401415888
ID_JX1J9V,0.7517318823388115
ID_P6AOXD,0.6494437949283907
ID_4BC1GT,0.3324103630698096
ID_3864PL,0.008517379703690677
ID_9VR5YI,0.0009667751027202746
ID_VZ0RO2,0.291375227584694
ID_B155O3,0.0016736819311070222
ID_H0T47J,0.3616848689359617
ID_78VSE9,0.3250378096532867
ID_8A68YP,0.003412322960901739
ID_3HLB8P,0.00016118831170531273
ID_XK9UQK,0.04570913866637959
ID_NDL2CF,0.0014867387137792658
ID_OONVHQ,0.0011661291971625043
ID_ZQME1P,0.0017709616044645736
ID_PTG6J8,0.28903007107260387
ID_YWAHJH,0.05505044552940788
ID_8L41EZ,0.04902320901957567
ID_8AGYZ3,0.0015118825528908828
ID_QSJBAR,0.61661986611571
ID_ZCCE8N,0.002093118723521178
ID_RFEN43,0.7146764558225901
ID_OL80FR,0.0022572610297402745
ID_PUR88G,0.3156505748124203
ID_JTZQOE,0.3963663120504567
ID_F4B2AT,0.0028353239897159713
ID_T3SDRB,0.3262348279137067
ID_XWQZJJ,0.71601122458101
ID_PQD8N6,0.0013579136411800193
ID_I5LGEJ,0.8171548797650329
ID_9BQQN6,0.002819748853167138
ID_GTEHJP,0.33351934206948963
ID_1DY0BT,0.0017769122089133314
ID_D1A2P4,0.0030206248587202034
ID_4V0KGV,0.40909572447257186
ID_GN9B4Z,0.002622392056399904
ID_JHSFR2,0.6667690441175483
ID_LPK2D3,0.3250378096532867
ID_J0HD35,0.2982177757298104
ID_3HKKB3,0.0028775261867168274
ID_V1VJMU,0.962650822104291
ID_X4QAB7,0.3428757274774544
ID_PK537C,0.0007103514806803758
ID_MUU1Y7,0.3158130511757765
ID_BTHC0V,0.0023297687941986533
ID_V19CPV,0.31284956325226326
ID_CA5BXC,0.0016316013399986981
ID_Z2VQYL,0.9146133574685635
ID_QMMV34,0.38949741687996764
ID_75YWZQ,0.7919461870739936
ID_IQ5H9I,0.03968972460041222
ID_J76AMN,0.005291972153049255
ID_BI5GSO,0.00559804869668334
ID_8JS4RH,0.3262348279137067
ID_B1JVEX,0.6883647630525185
ID_THHK51,0.0016844764749225994
ID_PIM9AX,0.054538161451680695
ID_BEHAQ7,0.0025535912408872203
ID_U0V5F3,0.0011221607174290535
ID_9IVRUG,0.3067519728031764
ID_DFCKKD,0.0010138247180993072
ID_A466UY,0.9771718694231871
ID_3LQN29,0.0009297904671481275
ID_2FU6JG,0.7900207612551369
ID_2TVHVE,0.003550879383944724
ID_55U78M,0.5652098279417843
ID_JMAIDY,0.0016376247922840713
ID_106JGF,0.61231265080098
ID_2KA2LP,0.002019039669142645
ID_REZ31T,0.37250768827798075
ID_BVRAHU,0.4337647403378683
ID_WSTG27,0.004145744442579033
ID_JFDJCL,0.9939334595917418
ID_3780SF,0.3191519594714779
ID_UNSMO3,0.0021562864937354504
ID_936TPM,0.36167225636383726
ID_QU4DGD,0.0008808234163858166
ID_HAODGE,0.3293021156926854
ID_MCVPKV,0.3168363037252364
ID_8XQDAU,0.0028557147508949886
ID_MHVREE,0.0019660100826685255
ID_R066U6,0.6127348734732481
ID_ZYD1XI,0.4016813957044276
ID_FKAS0J,0.0023297687941986533
ID_T30DIC,0.7320433600857411
ID_8E7EOI,0.0016239719511477134
ID_4LV0RD,0.0016591497075367715
ID_0PF4OY,0.4553806468851016
ID_NE9QJY,0.0019660100826685255
ID_17N2OT,0.31100344452449186
ID_BAXHMA,0.9007597312996899
ID_HUAYFY,0.7293440065812375
ID_VG4VMY,0.0011538647914449754
ID_VJB6ME,0.6032098665122984
ID_AUFJVM,0.7513808003461614
ID_DEI5OH,0.7510300477572971
ID_IDDX7J,0.3262348279137067
ID_W46V9S,0.3262348279137067
ID_3Q66WT,0.003869473694781501
ID_Q09J2S,0.32962054658296336
ID_5JU4AB,0.001751804658504357
ID_0H1IYZ,0.002855549008292814
ID_WOJOI6,0.0030206248587202034
ID_YTGIDC,0.003186716823746832
ID_8BZRQ5,0.5615477503081086
ID_PGBFLY,0.4946305927639566
ID_1XYD2M,0.0021477115520608984
ID_LFJW05,0.5968150903098389
ID_N27NKC,0.001812123021150624
ID_MDCJ9Q,0.0027854195591394348
ID_XMDGSW,0.8989636453371797
ID_MY2L86,0.6235337177217233
ID_PZCH0K,0.3158130511757765
ID_S45YFB,0.8546720237290477
ID_4GD3Z9,0.0012121930867302023
ID_63PGCC,0.00396402161596773
ID_R50YQR,0.33052856296507405
ID_J0MZ5S,0.0006118980149015013
ID_SDITIL,0.6519504181189224
ID_KV4AB3,0.3895334898758047
ID_SAP50J,0.0017709616044645736
ID_JV15YS,0.34069838368562194
ID_HITQBZ,0.6057466421864542
ID_3K3XMV,0.48754394169661697
ID_QX1R1C,0.0018230716914781702
ID_LD9M5V,0.9787993104263603
ID_5S96EJ,0.0014558608455039113
ID_7L58BX,0.9839799818449598
ID_OK3Q3N,0.5119792883500472
ID_G0PE6V,0.0006093916192605706
ID_TP27E8,0.003395036051936695
ID_44W0J2,0.31611032910245795
ID_Q8WTNW,0.0012144216948722251
ID_85EGV8,0.30508141397189403
ID_BISVXR,0.0022572610297402745
ID_ORIEKK,0.0005277915357676899
ID_YM6XSS,0.3262348279137067
ID_PDRMFG,0.5316679028932951
ID_APY3C0,0.6445655434941397
ID_CAPCXP,0.00808664358683896
ID_6XSF2Y,0.631185252547466
ID_WHPBG7,0.649020691666584
ID_SBC4RR,0.8308179745829515
ID_UC01MO,0.5240086940166429
ID_ZFPSOZ,0.6012231620933107
ID_0AYIIY,0.7363711810346846
ID_GD8TWV,0.8006539074606115
ID_7ZA958,0.034448054962839564
ID_CB8G9H,0.00088316345533223
ID_TH5AVA,0.0023774567314391115
ID_LRVENA,0.0030337570140670563
ID_4ZC2VR,0.0017709616044645736
ID_T1VEVO,0.4705195768825403
ID_LYUWC8,0.0017185379076513814
ID_VQSEF9,0.3079792068537157
ID_9E3HTV,0.3067519728031764
ID_9GX8ZX,0.9836481469671639
ID_R0WGHQ,0.0028377627989049454
ID_QVOIHS,0.32956241051895124
ID_B8047G,0.6442760084033848
ID_B37PAK,0.0027854195591394348
ID_OFLQX8,0.7887539063411159
ID_WEP0JN,0.01996749159544488
ID_8OL5ZM,0.002019039669142645
ID_3BNRH5,0.31863981359647486
ID_EJESRI,0.5950911915854158
ID_K41KBT,0.4282513713548654
ID_ZINP5N,0.35120142476609717
ID_LZ3AGE,0.7616462484114024
ID_A2AA3X,0.5151891287328396
ID_DNPUDT,0.001751804658504357
ID_QHNOS2,0.371527019166844
ID_NSBX1K,0.0025654783748403887
ID_6L8XJM,0.03719237642080059
ID_R838LF,0.7239626242791418
ID_OQH0LC,0.77336909534166
ID_ZXS8XI,0.032428895879087094
ID_O03A0P,0.6943466243475973
ID_0M6BQC,0.6567343366533608
ID_NRJCBI,0.6301796765095782
ID_K4SLTP,0.8847980998268009
ID_82YT29,0.36033183608117014
ID_JLNSAY,0.3574475346543356
ID_ZTATE8,0.0014558608455039113
ID_08BIS7,0.9736254473961076
ID_H3UPYG,0.8447451739941786
ID_F5NR42,0.0023297687941986533
ID_TAKMVJ,0.0026612777999933585
ID_G9PLCB,0.6431124124296028
ID_FXGFVG,0.49948977772718606
ID_YIEEQI,0.6178698684132721
ID_FFNPGZ,0.0019177212848209549
ID_KFJCBK,0.0433118880685444
ID_YVCZHI,0.0018111754360258237
ID_9GKLER,0.37309374147620156
ID_KQR0T7,0.8577727459703451
ID_LTMFTR,0.40036048695568405
ID_0I7W3E,0.00017455851656737913
ID_4QANZL,0.5540980368065871
ID_URGGGY,0.0031729722468048253
ID_5ULRDN,0.00042419217044127524
ID_O2FGPX,0.0025654783748403887
ID_6XX82V,0.31526687145826926
ID_822MAU,0.9691606044213644
ID_8VF0T2,0.0024879537303932444
ID_52N0BQ,0.002093118723521178
ID_653P5Y,0.3555714169393868
ID_U74KAU,0.0016844764749225994
ID_N1TGVH,0.3262348279137067
ID_9VQNGO,0.0019660100826685255
ID_759XBX,0.8865580004787296
ID_JQTRU0,0.717837791801352
ID_7FCR76,0.0016652223000171887
ID_2X81ZU,0.4637864755979322
ID_DC97LK,0.6553179886850771
ID_MJNV3M,0.002819748853167138
ID_187FTO,0.4652156561027738
ID_Z5O6U4,0.32587337916860326
ID_X1I5SZ,0.4817922050583455
ID_72Y6FZ,0.2901318327845915
ID_J326R1,0.38389936938377356
ID_5F9GJS,0.0014599333390625802
ID_A3TNNA,0.3118566281241061
ID_75D5BI,0.32956241051895124
ID_C6Q4CF,0.7894093936614012
ID_GU5Z9V,0.31679032030720655
ID_NL0PS1,0.001993309113568731
ID_KANX47,0.3262348279137067
ID_M1Q7WA,0.00025139071743146904
ID_NKZFTL,0.08295835435727042
ID_TT18P9,0.3154448781439177
ID_KUA3AL,0.9501932173561906
ID_TW4Z43,0.41473693944211526
ID_UPGF5F,0.038402110629107936
ID_7JJEOY,0.001112069942743156
ID_AMFQV0,0.0030206248587202034
ID_X85K0E,0.033452430256895746
ID_B9FSQZ,0.6447592557531188
ID_KTGJWV,0.002019039669142645
ID_HSH79E,0.0031234152338401803
ID_7I03OO,0.002225202436532478
ID_2OTPYM,0.0031234152338401803
ID_5HITNH,0.3208857679134339
ID_2WKC1F,0.5257690393430349
ID_PJHLKR,0.7359107594512364
ID_LYD7BA,0.0020780166370716942
ID_LI36OI,0.0007901373737476979
ID_PSN178,0.8035219389943926
ID_XD3BXN,0.498613494221988
ID_WNUB83,0.0011734865288709723
ID_VTLPDM,0.002366464375595538
ID_MD2PIN,0.8404876602142394
ID_C4GVEA,0.00088316345533223
ID_KXM5WF,0.0037242687805967736
ID_IXF8RK,0.41148726059543095
ID_OAGVDQ,0.0023489258366043266
ID_6JG39K,0.002061850895531293
ID_VTBUKQ,0.6938953445431008
ID_WHZ02U,0.0017671693560319935
ID_XRLOXB,0.8505403168885223
ID_65RXU7,0.8567882235950443
ID_ZLS11E,0.15704631568829516
ID_83KN5Y,0.5334236112591406
ID_GI3R87,0.36391474347636
ID_6MNLAK,0.04788010309450035
ID_222J09,0.0001543271530259387
ID_Q4958V,0.008011277049079885
ID_SBBLEB,0.7529190686567093
ID_WWURFX,0.4063553298194283
ID_MIBY7E,0.0002962604616262724
ID_P13J30,0.4081564150319442
ID_4I9ZTJ,0.004225412177171534
ID_0CX5IK,0.9614504042070987
ID_811K73,0.3785910643065554
ID_KL2810,0.6638972901699145
ID_4L8ZBR,0.6827883816068665
ID_LDIZV8,0.0008806375963366366
ID_9M645N,0.010058053399375464
ID_IPHJ1U,0.6907980803923041
ID_8JHTKS,0.5657199465003635
ID_QJAEK3,0.8634800586523459
ID_LJ1336,0.43032451624033674
ID_169LDX,0.5659454834219897
ID_RG464A,0.6206071433554454
ID_C4Y7ED,0.9676105767220992
ID_Q267QE,0.015234577093655652
ID_GQ6G0Q,0.30581969743693443
ID_HAM797,0.0001393015861478891
ID_M5QVJF,0.001104402820296381
ID_R1YFJN,0.009487734773208283
ID_YOGKMJ,0.4207103232352753
ID_9UZC7I,0.32604330147453603
ID_OAXWNJ,0.026404532732824806
ID_U4N27X,0.00835229484527205
ID_LN85UV,0.0026580923823861014
ID_PKJAYL,0.3058226609384229
ID_A3JNVZ,0.00038805024096925727
ID_T0Q7C7,0.318908991299244
ID_IPR3XC,0.00033142452788766726
ID_ZZNO1L,0.0019061851378059471
ID_14HH2O,0.3699984001255664
ID_B03F15,0.7738122115094672
ID_G4NFJH,0.33073877167246035
ID_Y9XI6K,0.5775175268135518
ID_8WH93Z,0.0018370862407987622
ID_96RQ0O,0.5195325946281262
ID_FL5PB9,0.0010032054923674843
ID_Z10MNA,0.5257605079772201
ID_FE3FBM,0.0024928129210990474
ID_M00YKG,0.505137284753217
ID_QBVCRB,0.3158833870784676
ID_85WSEM,0.31000874223985675
ID_L3671W,0.33531265511093317
ID_3K2OH5,0.5458425024903217
ID_XZITK9,0.0028120598357388505
ID_3YMA3T,0.6496313230994653
ID_QATT38,0.004188097721172018
ID_OYIO05,0.5193511063647933
ID_MQ643W,0.38915777590925843
ID_XP92CR,0.7703384836414949
ID_X9T1UI,0.00380688251357533
ID_MK6H82,0.016055826434488194
ID_D1KASF,0.01233448991664144
ID_NXIONN,0.0039986121478886045
ID_2LXHS2,0.9192050994075867
ID_QTVYV3,0.0012790304910711772
ID_HZTMHU,0.8410256908292978
ID_W32F52,0.44309516786545267
ID_4VK6QB,0.7231746080757107
ID_DK8458,0.5064677634777819
ID_TQGB5A,0.0412393556136119
ID_Z3HRNP,0.32795593258945416
ID_Y3FT7S,0.33261394383056087
ID_YB2KRK,0.010040128209636295
ID_PYXURU,0.7544988565843478
ID_1KGL3I,0.6424245216509866
ID_H5E8OK,0.7861514611758741
ID_5MUHD3,0.7133151787374019
ID_FG76MJ,0.3873292191385331
ID_BIWKMR,0.0019933938845148277
ID_TXMOL9,0.006519590351672071
ID_9JV8KB,0.6626883198088923
ID_2NUP1M,0.46157368198189563
ID_75DXW2,0.07375292459792437
ID_JL43EC,0.6711586666350359
ID_N37YD1,0.000826061850473783
ID_3ILKKO,0.32995357036893164
ID_DWKUZA,0.9853831738283002
ID_69XHLK,0.6923003604832307
ID_W7YNJH,0.6031565743008391
ID_UUYFAR,0.014786565363533517
ID_FNH0IQ,0.9146880885891142
ID_1G24LW,0.7849631990902812
ID_5N88ZV,0.845145500101172
ID_88C8XG,0.28833928976762485
ID_B0MY0S,0.6000842239061197
ID_4FS0AQ,0.3198865771648882
ID_BB9HOK,0.011857390157169006
ID_E1G6OW,0.056513619875794154
ID_Z7248R,0.0072286176301668646
ID_JSREAR,0.002446218844045691
ID_W4URCG,0.41242774516514236
ID_A12LUK,0.7017191769281274
ID_XTB4LF,0.4070743652872495
ID_YP7QX5,0.7977472128262766
ID_RLT48A,0.7213750723874891
ID_RAM3OW,0.5299822256723565
ID_Q00XTL,0.42312865390916826
ID_6NTJFI,0.6714958773812116
ID_CJX973,0.0009730133937495568
ID_VF8RBX,0.29873314184188204
ID_9MTLD3,0.00010729936210646283
ID_Z4KTSB,0.00888987127634255
ID_DWP9CW,0.6788411471551902
ID_YD9W3O,0.6757308886288702
ID_OV0NFI,0.005197164451416743
ID_A8GPRC,0.7953573986121417
ID_2AA191,0.712962761682159
ID_I65EVE,0.9027761600441863
ID_5YDVWM,0.802101937150817
ID_H8RTHV,0.012070159334317767
ID_RGT6WS,0.003137389149291835
ID_FAC74U,0.00014094841501814922
ID_RWIOGY,0.393952650477184
ID_AI5ORN,0.6651732572863381
ID_NLJ05F,0.41005253245024403
ID_ZSILO6,0.6152141324815142
ID_0CK6E4,0.3993055661820616
ID_7R9URU,0.6648492366783015
ID_WJTKG9,0.0026513869686614787
ID_QPKI4I,0.43699586683174185
ID_OYOHJ1,0.5543578281725718
ID_QIJGCW,0.00798203504159953
ID_5HENQR,0.454869896189962
ID_2QQ4XM,0.8523015195424342
ID_KIBV31,0.002935768683614658
ID_Z006UT,0.7862008362115661
ID_EFS4B3,0.0007225529372407121
ID_3JDAYA,0.31833524462339263
ID_KMVV2A,0.308993414331558
ID_JUIBDR,0.5187536206375775
ID_GLIBNR,0.0007540838218922232
ID_VQGVCD,0.00335551401215325
ID_O90HMB,0.7141668039823421
ID_X8H69P,0.0216066830762178
ID_M6WH6U,0.4257043276444148
ID_O0PI3L,0.6368410516689093
ID_2BB58C,0.753799660826934
ID_SN4X7F,0.6667842693827363
ID_5V3HT2,0.7774870871867346
ID_3343D3,0.7039667709532372
ID_RSHNXD,0.0025122564706865887
ID_ODQDJ8,0.0001393015861478891
ID_I0I696,0.4522692394237058
ID_64HGBC,0.8329202704654812
ID_NP7KXU,0.003589019804254067
ID_6JQM04,0.6025815466930009
ID_U3PN6O,0.00026389183218091075
ID_PZ3IUR,0.7936371500585588
ID_OSOBHJ,0.8386046821290338
ID_57G7LO,0.8033012759869931
ID_DOXRSZ,0.0018933526410948188
ID_ZRWJ7X,0.09367728317526643
ID_JSCACD,0.30656637527345126
ID_VVJTS0,0.32182748070459544
ID_M5QM6H,0.2919068297827041
ID_NIW1C1,0.37481386522193255
ID_QBJOWQ,0.33073877167246035
ID_I4YXMM,0.5571706341128154
ID_R87XMS,0.7432533305257925
ID_BCB85S,0.4136515727106845
ID_NHQQTQ,0.0018234233716619523
ID_6Q4T7X,0.46738482821974336
ID_F6F4DV,0.002216384734129869
ID_XFY3GV,0.0412393556136119
ID_3EU2RP,0.4376497914538744
ID_Q37M8C,0.46503404132747533
ID_4WQMKJ,0.9727812561191084
ID_AJIE1W,0.3004342363092595
ID_NW9LH6,8.916220858610174e-05
ID_SK8H37,0.5069916567967079
ID_02Q3TV,0.0007183313393678366
ID_QB3LZX,0.2880721663790295
ID_5Q368E,0.6905157578807253
ID_8ZBE5P,0.7483704464548746
ID_EL0784,0.00017797380362904726
ID_RSXW0A,0.35936399664621643
ID_UAS353,0.009185153114030222
ID_9792CI,0.004112172690150657
ID_CMLNHJ,0.3042322028465474
ID_IKTXFR,0.33120067586098056
ID_KKHAMD,0.3681398452719229
ID_9OF7ZF,0.3421785122614131
ID_ZJ9LOD,0.36289186912705684
ID_ZHMN11,0.0005047618976165687
ID_BQ6O1C,0.4372452771319875
ID_2LIOND,0.005388379627843782
ID_LGZ8V8,0.0013591663098981902
ID_FPHUVF,0.4901181617523668
ID_JKQBZ1,0.000555161944133853
ID_1E7BS0,0.023549458788297447
ID_I49WB1,0.3769349732114418
ID_AOZXL0,0.0010031853179652596
ID_I10SKX,0.0018442616486204347
ID_EWDSPT,0.012587155739834679
ID_5FYQQW,0.003003053768013588
ID_83JNHX,0.29942920112407134
ID_69QEDA,0.001058393107500235
ID_PWTYZA,0.30779600484310377
ID_N0R20F,0.0034575877665424786
ID_7D956J,0.00881323084112197
ID_OMIBH4,0.2980837014706812
ID_3ASBEJ,0.3117477027321898
ID_MMO3M2,0.3241866236976281
ID_8UMBQQ,0.049089713042481
ID_JY972B,0.003480192046926404
ID_QAQDMI,0.6572286196887405
ID_7RGAFB,0.2988051695244702
ID_J43PB6,0.002349580431899617
ID_XYPB75,0.004478703532052299
ID_7273DL,0.3075879992847627
ID_IZSA3U,0.35304635217334596
ID_BY6ATP,0.3465878159104726
ID_NJOZ54,0.0030392971978450427
ID_JT8P3Y,0.3228134113628866
ID_S5KO7Y,0.35307009968848746
ID_IJ44OU,0.0017047219031970005
ID_BA90UM,0.32787235588794433
ID_T1JYW6,0.620490765090741
ID_X5JJV6,0.0027904801057418733
ID_BZCTC8,0.2927836591698128
ID_6AYFUN,0.7044589201430904
ID_81U21K,0.7467719369609174
ID_ET9128,0.31042814862048385
ID_9KQT2F,0.30388546246320275
ID_2MPA35,0.003970884479098306
ID_13AB5G,0.5283141512032142
ID_ALB4BG,0.001058393107500235
ID_T0H7P4,0.3762541453836365
ID_SXI9FX,0.001058393107500235
ID_H8H6EP,0.0017762421269821073
ID_B1B9CA,0.30265734305212905
ID_BFJ8L2,0.002552650481951132
ID_EMA0MO,0.003451829805084335
ID_GQT2WQ,0.9966028308855658
ID_IBRRVL,0.2970590118226695
ID_61Z07A,0.3908307853220113
ID_FC6PT4,0.6454199246195463
ID_LV7EO9,0.3036292910629565
ID_62AMSU,0.2995393617714325
ID_MTQ61R,0.5444266778887172
ID_ZG0B24,0.5578780690090914
ID_QYEX42,0.012671335374439938
ID_6RSORN,0.3726302285761063
ID_CIJ8ZW,0.2956610251040702
ID_VUIB2C,0.0004660195352335014
ID_9RJE20,0.0024176493926762774
ID_CIJSQD,0.5549402892640223
ID_KXWPWS,0.5934577284513363
ID_0NN193,0.40452343090353204
ID_Q70VXQ,0.3195352574553116
ID_CXJ175,0.5311236391305031
ID_22SQD0,0.32144240427082627
ID_IRX9VF,0.34233133385012143
ID_JOY4NQ,0.31287948963009327
ID_9XNP45,0.3943496389413118
ID_BNCMPN,0.003464646564682752
ID_KLSNO4,0.3245560598371985
ID_A98SCT,0.32300325290724907
ID_DTHKHJ,0.44432164426208237
ID_KJGJ17,9.682575573324986e-05
ID_XQ8WI0,0.574785085389375
ID_UPSHIL,0.00881323084112197
ID_1Z3SB1,0.0017344599280235862
ID_VW6PAO,0.012488378146446207
ID_2G3B8J,0.006726634693846921
ID_7BGZAK,0.3345875926161374
ID_YFC9JF,0.0033138397895382562
ID_GL89CJ,0.000190115473065195
ID_QH6D23,0.30145682109344335
ID_7VWSKS,0.003118811671702018
ID_IQE5E3,0.2891471447489581
ID_LBMX43,0.38738758930472345
ID_S2OIYB,0.7908353526064759
ID_9MQK7T,7.886539014644771e-05
ID_UBO52X,0.00881323084112197
ID_UPHU97,0.48303136668827396
ID_M5IFZC,0.014499298712915179
ID_0LA5JH,0.30027451200976474
ID_I142VH,0.0036531446566417415
ID_9AY2NT,0.0008220037987166611
ID_IQZY93,0.3091410402970684
ID_AXNZE1,0.6982294271160001
ID_DM91PJ,0.32787235588794433
ID_BW7PBS,0.003534500914892315
ID_AJO42W,0.0017266553020748488
ID_PE2PQU,0.30317425694655187
ID_GI3FSR,0.3194856904437402
ID_VLCJAV,0.3345875926161374
ID_QU0RRR,0.0007522793114591796
ID_QD1FFN,0.831436779707545
ID_7W0SQ8,0.3164140289463707
ID_OS0Q60,0.012523350249871978
ID_2TPDAV,0.005457352637712429
ID_P7J51L,0.002697345846682556
ID_2KNEN5,0.6265237460486655
ID_QMP96W,0.3156421763004251
ID_A1FIKR,0.6912834870270903
ID_QEP062,0.3236745338271519
ID_IVOUMJ,0.6798903585304734
ID_MG75ZW,0.35847897324536826
ID_RC7W8R,0.0026850075241696986
ID_HAX1O9,0.6816728295778969
ID_V589W3,0.31568059704757523
ID_JIXN99,0.0037938421113518314
ID_9P9M59,0.36818389684265224
ID_WAYRB7,0.7249623125309522
ID_PZHX4E,0.4431956234865395
ID_YVBNXX,0.020537658219656127
ID_1IWTHT,0.9700960382475085
ID_TZZJTM,0.001011785256240138
ID_HTRG3R,0.32235331150873486
ID_Y4Y2ZR,0.0001292902764992517
ID_CT8J22,0.30855379864552945
ID_JU3Q0L,0.0040026124451594735
ID_93J9FI,0.0005147738378401359
ID_B5HL6T,0.3404125527260937
ID_YSD4DB,0.01078370784258615
ID_H1WX8C,0.003683474016515982
ID_G40IBV,0.3553263568957571
ID_OIA9O5,0.0006101025007967567
ID_0JXXBP,0.001787009246028541
ID_WOUF52,0.0038967560875749537
ID_561HVO,0.03827326213111406
ID_EXGR1Q,0.31281365212341145
ID_5D91SQ,0.0027904801057418733
ID_EPGW27,0.3200639575918962
ID_KVDRSL,0.2938023659174588
ID_2I2LU6,0.3041593087170658
ID_VRYUU6,0.0030589572758483205
ID_1MLI4B,0.0006081086665382849
ID_7WG194,0.000382204269632771
ID_I9O224,0.31879383596459215
ID_28389Z,0.5871676866805893
ID_K6KY0A,0.3108165917518969
ID_JIHE96,0.3091274377285111
ID_HQ71L9,0.004112172690150657
ID_4RX6QR,0.0021412996604037323
ID_0P3TWE,0.000555161944133853
ID_ZH7925,0.5465955955998477
ID_GKQTE3,0.07573524415367285
ID_9E37P1,0.013213679430798122
ID_7VCX1R,0.5826927409082614
ID_SP69VM,0.0033255245016025423
ID_QEFW0D,0.0020982514118799657
ID_XN6QQD,0.35162372752936377
ID_WQI22P,0.3865293060213245
ID_7OYHPW,0.5392319004049076
ID_BCH4M3,0.0075599786438142365
ID_UAHCFU,0.0018109188557248173
ID_LFX2BG,0.6528551798674497
ID_JSUS5M,0.0027357351337828593
ID_ADJFG7,0.411779320418574
ID_Z97E31,0.45021996105969464
ID_PIEPPW,0.001038099980932974
ID_202JT6,0.35430762273000105
ID_EYK33V,0.32793657784258146
ID_0YDT6I,0.7172872043862332
ID_WZA395,0.003246362521056729
ID_QIXT8G,0.33965732329525616
ID_QC0E55,0.4291682454282335
ID_LBEMC0,0.3533872794989691
ID_903ZTY,0.004830703922469672
ID_M0BI8J,0.003915592012098771
ID_AVAFYN,0.9164338796501202
ID_IHLK2X,0.0036017971844898313
ID_HCYUS8,0.44085148296712506
ID_FHYMCU,0.99736392191111
ID_0MM2FJ,0.0559978547089427
ID_HX0PYR,0.12503567892316708
ID_JV4L71,0.34527082780316287
ID_U13AEV,0.0027343990075310827
ID_5Q7T39,0.3611710483859104
ID_UVOZBW,0.0003990593697275888
ID_2B1HJX,0.685435092110399
ID_507TYX,0.30158125663228846
ID_1W40DC,0.3813351431714649
ID_CR9JP8,0.31606308709556885
ID_G461K7,0.33449249933690106
ID_8K6265,0.32937002285108263
ID_XLHRI5,0.8021785512065213
ID_HUXXHQ,0.28858281012271936
ID_PLRZL1,0.0019296974546942026
ID_QQNHY0,0.33800872136702653
ID_Y1O9GV,0.022756090539842497
ID_EIJZ4E,0.741240759663981
ID_152GBM,0.0050000708611621925
ID_QXWHZA,0.004732126536080484
ID_PSYPLA,0.6785703264178778
ID_87VGAF,0.003789026360806378
ID_TH1K3S,0.6877336197025397
ID_OES10B,0.00011760631851398217
ID_7STEXP,0.0024422277992154915
ID_F8JCV5,0.29812002387129405
ID_954NWB,0.3492640989428227
ID_XR59T4,0.36965126717832253
ID_G1BE7S,0.3096082463053595
ID_XS56UD,0.02912038588451228
ID_BOWCBW,0.004839337241170538
ID_J0CKBD,0.0027096678440362704
ID_PU7RB8,0.0028235722971157633
ID_LNIMDL,0.30367745619438347
ID_JROWBQ,0.3588642877593837
ID_A8JPUZ,0.39318560750404435
ID_Y1090A,0.13738551333263982
ID_TWFJJB,0.0050000708611621925
ID_TLACSH,0.001460060639885341
ID_E4Z14C,0.6674946711864547
ID_2PBJR2,0.335326424574829
ID_8MKCHZ,0.3168037444728323
ID_W8JHHV,0.005149979223208597
ID_5A0LRT,0.45513837467876517
ID_L2N2B6,0.007825507884811869
ID_B3CLHT,0.33689576424084083
ID_J6GWHQ,0.008014829891829634
ID_EAHRSR,0.374586455415309
ID_NG1YIB,0.0026197674680444273
ID_61B6Y8,0.2875172475967713
ID_9OPNTU,0.9754866972820604
ID_2YTAQ3,0.4641401252883729
ID_FH45J3,0.004089209192603194
ID_R2KSIC,0.021032241052108228
ID_95I0WB,0.3254496483921866
ID_E0PBC8,0.32528664634840526
ID_NARPDF,0.34669235807089366
ID_YO3O5I,0.0003990593697275888
ID_EBE1XT,0.3454596514568329
ID_UXP39S,0.0029944990925217063
ID_UY8RGI,0.02073448860183018
ID_0EJ258,0.42386965743483734
ID_5Y65EN,0.33689576424084083
ID_WD1NND,0.0028979321940352195
ID_ZPGRKT,0.0022175590036636822
ID_VET290,0.0036017971844898313
ID_UXKMTB,0.0019337076463394544
ID_E6G3Y5,0.40216554142510913
ID_LN7LN5,0.3637453680754074
ID_R4TZ6T,0.0033745390371637206
ID_94L27T,0.0024622765790279287
ID_RIP8M9,0.0007746828221066295
ID_GPH2AM,0.002943048423328397
ID_CQXLXN,0.004993595448282309
ID_99NA1M,0.0004376295183832138
ID_VM9NLE,0.7295852472010511
ID_DBZZWC,0.006828944107450418
ID_XFP8QE,0.33198553746365916
ID_UU8K81,0.29735014778358126
ID_UX70GM,0.004566994725805098
ID_12K3DC,0.32007473773211553
ID_B9ILD3,0.003966320039707793
ID_KQLDNB,0.31245862601783597
ID_4M3DYS,0.35088866127301954
ID_0D36MQ,0.0010881226063065358
ID_FU3YXW,0.32717089976663155
ID_SZTA8P,0.0013414830801521292
ID_YJ4UDX,0.3456976748765051
ID_UZVN1C,0.37042932932329087
ID_4KSWE5,0.3107306722499977
ID_HAHUXM,0.32313499710996574
ID_1OPVZW,0.385248709862884
ID_Z8WYQX,0.3529518614163816
ID_70PZQ3,0.02844978301898537
ID_P79N1G,0.00604095272533723
ID_S8954P,0.0050000708611621925
ID_WKIICN,0.0016857438060059716
ID_8L8S5J,0.44644901221685385
ID_ORQPRK,0.21776267588883932
ID_1E185V,0.7326281606467805
ID_F8UF44,0.596872701216359
ID_PA0DVQ,0.29114313490821897
ID_CEHYNY,0.43996854012436193
ID_B6QUCX,0.7968247902037501
ID_JUXPHH,0.001166558500082938
ID_544H6A,0.003801545490926095
ID_4ENZOE,0.3605105323638032
ID_C3T4X6,0.28895013918475043
ID_KEPPOK,0.0011263398688686962
ID_TKAP6E,0.001393489383512478
ID_LEWZE5,0.0022470437971701053
ID_DCGAFH,0.004384028129813084
ID_49KW1U,0.004235409564492772
ID_FKNOL1,0.003450426095237368
ID_HMHGK1,0.4798929225181856
ID_LME0RF,0.566156137497196
ID_NO0F28,0.0009820633059509226
ID_Q2APDZ,0.0033255245016025423
ID_7S45KK,0.46303768468322903
ID_Q34NE2,0.45562548606352044
ID_5KIHA7,0.35279607505841476
ID_MYL950,0.011078521895263189
ID_GCTN11,0.003915592012098771
ID_99LCKM,0.0014486925115915132
ID_1ILBHX,0.35358915266230506
ID_WIKTP2,0.36832561588466967
ID_0T08DJ,0.3356204223470559
ID_51K17V,0.07573524415367285
ID_9UIB0B,0.289391006371305
ID_LUX93K,0.00014064074476579166
ID_YT577F,0.09779589481364355
ID_I8DWJ9,0.33605103420414606
ID_Y2STXP,0.04050149911334621
ID_G9WLOS,0.3291911246558642
ID_RSU5OI,0.15271514156906943
ID_XLGCQG,0.8772632943946658
ID_1KN47J,0.34669235807089366
ID_DCMYHS,0.30998550059463903
ID_V2FINI,0.0035029585596578943
ID_L1168E,0.7595221939561769
ID_HC49Q1,0.32717089976663155
ID_0WO5KW,0.40581642523449907
ID_JI7QGJ,0.021343929730567056
ID_I4IYSO,0.30998550059463903
ID_VHUJ4A,0.40581642523449907
ID_MDWP9L,0.4167637573636926
ID_MRAZR2,0.0010881226063065358
ID_3ZOSQ3,0.32270249036850435
ID_PN1Y9O,0.5755133880424179
ID_FEGK2B,0.003789026360806378
ID_A2OS1O,0.7340654752105704
ID_57IMKD,0.004732126536080484
ID_HGPZYN,0.39963442643649894
ID_TQQDTH,0.3448611245472929
ID_5WMCVZ,0.0029944990925217063
ID_TKTBIW,0.5656460362215708
ID_PHI3WS,0.3377123833738973
ID_F5DUMW,0.2987742080665313
ID_DEP0FB,0.8606209912919058
ID_7XVW6D,0.3783430563639258
ID_YFF37J,0.002884412236399291
ID_U9GFN6,0.0016386522055049642
ID_RSGPPZ,0.004878902765351215
ID_EJ4SB8,0.3870037037043301
ID_SY9742,0.340987611087841
ID_UE7SZJ,0.3782156179292224
ID_BIED7A,0.3295179422943084
ID_K72P4Y,0.5230663019782087
ID_NB0D5D,0.3912087809646427
ID_CMWY0L,0.34669235807089366
ID_SG4Q5Y,0.004188766549935259
ID_U8AA4A,0.35212152449201284
ID_7BJE2G,0.002725045747638401
ID_FZIWTW,0.34538349021895204
ID_PVXQFV,0.026810366723089653
ID_3ZWQU7,0.0029944990925217063
ID_HWTMT8,0.0011861293729361
ID_ESSJB2,0.340987611087841
ID_P8STNH,0.004664559820419006
ID_NARXPV,0.36276539967724514
ID_C9DOB1,0.0019749230847944973
ID_UEOGDG,0.3667856715187919
ID_GE299C,0.0007318092145063551
ID_DYZU7R,0.00011966538844791357
ID_XFI3B0,0.011147837563516982
ID_LPTO31,0.0028374327978806387
ID_NU14NG,0.31958804069725955
ID_8AV2KF,0.32552134440679126
ID_HYQMCV,0.09462148178489628
ID_O8T1A3,0.41856207577501897
ID_JDSA4H,0.0026994657700321026
ID_H27IXG,0.0003576562109115682
ID_0M7YDV,0.030098244909651378
ID_TV1JMA,0.0015102310271594103
ID_9QK1NT,0.10186808776122977
ID_SNZBLF,0.39570236399586545
ID_M6KDOW,0.0032186607105392706
ID_IX95TY,0.066358810695821
ID_SWDK54,0.3086421425947562
ID_3AKG19,0.324582817890818
ID_D6P9N1,0.014203723997648595
ID_HBX9OS,0.34592425024036455
ID_QWUU28,0.0008850917400121473
ID_SV3X37,0.5494442041211318
ID_8BALA5,0.3947569232190207
ID_CTBTJ7,0.3489723520490367
ID_ANX4OK,0.31500467779962854
ID_Q85ZT2,0.5493935310648599
ID_NJS246,0.026227080097623662
ID_E90GMT,0.30475858587658566
ID_6QIBJQ,0.06440101560177951
ID_ANGQ4K,0.3098871330653078
ID_RGEY3W,0.006206235340307897
ID_4UL1GE,0.0005905923709562104
ID_JKQN1F,0.009586479659933561
ID_8XEOO6,0.0009703984765482151
ID_G2S4XC,0.025471120846054268
ID_JWDS0V,0.0223389704248984
ID_DM4XYV,0.031856393649106376
ID_XMNZF1,0.9858829469869488
ID_J8HE6I,0.005161313561407617
ID_I4NMWL,0.002573119023697725
ID_YBDI29,0.03776412506970453
ID_XGTXV1,0.0010870163875137348
ID_AEVGX7,0.044384141102256566
ID_EWPIBC,0.3114661391571373
ID_MG3CLL,0.37447423620942066
ID_299PZG,0.001078212706899246
ID_QCVGZQ,0.43984609735399505
ID_DFMUPE,0.37447423620942066
ID_GNC9IJ,0.3727739042020936
ID_OZZ3KZ,0.06440101560177951
ID_OMNBHW,0.0883525391076359
ID_24QSDZ,0.008448205878776946
ID_ZDZTEK,0.03409201224801189
ID_2QIFBY,0.008021681645556528
ID_RHTZF9,0.3729285572292014
ID_B0OQY0,0.37314033268096664
ID_QPX2DI,0.008484226781268152
ID_VEAQEF,0.821754061587915
ID_NFVHCB,0.008748116908342178
ID_4CWAVG,0.0009882289329531469
ID_OS5LKW,0.42734380791034177
ID_RJM7XY,0.5740425537050913
ID_GTYVWG,0.0043712121278132775
ID_1LWGGM,0.3880839120425511
ID_ZEJR33,0.33544342082944073
ID_YQ7B4W,0.4197673082683292
ID_C6FRMO,0.3637965278760916
ID_5A32Y7,0.4088560673531678
ID_VZJ9FI,0.004018044394175068
ID_L2TO1V,0.003514696839260285
ID_Q6S244,0.40521459933716114
ID_HRPXP4,0.4111272194903257
ID_YML5VB,0.2921335039933161
ID_X8VV5W,0.012248740223398585
ID_2MSW4V,0.0017464415924214186
ID_5TQ5IC,0.4111272194903257
ID_O8IEGD,0.0003856784311504384
ID_LAUYCD,0.009528586743392313
ID_BTS5TS,0.8643860460577781
ID_FAAJVO,0.03092540809722527
ID_IIX4QZ,0.006108864983403788
ID_P4H8TN,0.02507967133561285
ID_7GHKHP,0.003641404601602172
ID_QFJK8O,0.8426661760122022
ID_44ZSU9,0.03691245965949414
ID_4X9UIC,0.0234375638144179
ID_I37WTT,0.0018274832839061022
ID_O6AO5H,0.8931130450588666
ID_RYVWEX,0.5854648873349495
ID_M0JJXJ,0.31755273761434993
ID_3YBAEC,0.4261621373092197
ID_H75DZX,0.3814865415682005
ID_QWHD4S,0.38529530485258867
ID_NRM2BS,0.39570236399586545
ID_D17S4G,0.44359881309086135
ID_8TI5FD,0.007275418169821381
ID_TCTR66,0.08318800997410242
ID_29DIT1,0.3195440879085188
ID_LS7TUW,0.36763179422175285
ID_GO54RY,0.0072893257801499405
ID_CRABNH,0.5767003238505148
ID_24T71F,0.38004501561608894
ID_3ZCVW3,0.0024091701949535325
ID_RSNZTF,0.00017606449999279115
ID_S8GL26,0.0016060402629778613
ID_ULJN8R,0.004319616533375484
ID_X15XHE,0.4570599471622712
ID_GYCTWI,0.003776226729412979
ID_YH143K,0.41414788767158384
ID_RCI3SE,0.003914749673148794
ID_IKRM0K,0.0009230012421954539
ID_PPPIJH,0.0046708826546832975
ID_Q3OYQW,0.003309191972997074
ID_P9QMEI,0.29471342304319376
ID_YHTH5M,0.0061677148771882555
ID_8F8KSB,0.5789615145049753
ID_OE2XUM,0.06440101560177951
ID_PT5VOW,0.9307085536946912
ID_2KN9CD,0.3062316901584841
ID_M2FRMX,0.0028835217514509167
ID_USEILA,0.00028057424130542585
ID_Y1IWUB,0.0017464415924214186
ID_V2J4II,0.14836838030475197
ID_HTD13Z,0.49540736415465336
ID_S95CEE,0.29069655763323354
ID_NEGC5P,0.0043712121278132775
ID_TSYASB,0.5890089575641182
ID_2NVL0X,0.013986431334522645
ID_XBLCIA,0.001946094898281728
ID_0X2CMY,0.32226462409658646
ID_9TFE3B,0.008748116908342178
ID_AZ6T33,0.0014631653671214643
ID_HQWUG3,0.99612724031858
ID_EQPC18,0.004159289958264016
ID_91G3B1,0.42734380791034177
ID_GRKYJ8,0.5282857945569089
ID_CZBOTJ,0.4111272194903257
ID_HAQN8W,0.3384572536830548
ID_GPMMRY,0.001078212706899246
ID_7S410J,0.4049329968306037
ID_MVU4XF,0.006174345512053947
ID_U3SSNC,0.00027140369433702226
ID_TVWV8Z,0.0009035360504031257
ID_ERL3Z6,0.41781696693873416
ID_5JJDV9,0.4315987127949311
ID_8P9E6Y,0.0006016729155830871
ID_51RVZF,0.004387138397872637
ID_ABT1KU,0.37673124424580684
ID_AB54QZ,0.0034513027123252386
ID_99HZKQ,0.005127919121770188
ID_5JURCG,0.3553604640970961
ID_BRTTHV,0.42014434972170767
ID_Q6W85N,0.005044321492459898
ID_POQH4F,0.01359646802375862
ID_UQDRKE,0.44902428151536294
ID_SBYUFC,0.42008688311921644
ID_BKMLK4,0.34987903748171306
ID_6X1Y4T,0.41038840450629777
ID_PJB1MX,0.36229848361924166
ID_371REY,0.642171966458873
ID_S5E3R5,0.9271788667359114
ID_6M7WS1,0.10319427491641012
ID_PXCCJC,0.9919776133604435
ID_BVAJ16,0.031856393649106376
ID_BO8O7J,0.005270884852365267
ID_634JS2,0.7448880019702119
ID_YKG7AS,0.4369064179740103
ID_474WHB,0.29057980611582673
ID_2DWW1R,0.06889695846101636
ID_1ACY7U,0.7437527955827743
ID_F5IHG7,0.01453767366982267
ID_PVS5CR,0.002436387450047455
ID_VVW0X7,0.3381491817069842
ID_7BWGKA,0.5953523824641735
ID_XWRR06,0.0018098138873100672
ID_3N06VE,0.36173226721494733
ID_5WVV17,0.0016938954325073476
ID_9IGL6G,0.32069590559877315
ID_B0NJEW,0.011912021405588516
ID_9ETVRY,0.05076735485180575
ID_B9E1PR,0.36173226721494733
ID_S9ACJ6,0.4191468333419156
ID_4N7ZKK,0.014969300223286111
ID_TVLC36,0.0034171216472608183
ID_ZFTWUD,0.03871982993389442
ID_VPO31J,0.0046091673926478335
ID_KICXC7,0.39538228025490874
ID_SP5B8M,0.3757514180833493
ID_CTAPG3,0.003010268484665911
ID_883VNL,0.3814865415682005
ID_TDFVY7,0.03441258510785156
ID_KMLO0D,0.5217783999427884
ID_0IP3X8,0.38901885791961055
ID_VS3644,0.48255696230013423
ID_OWHXHP,0.021133826880441582
ID_5Q6DMN,0.00010020049692151751
ID_7UOR9Y,0.00363276275995468
ID_06EOQX,0.7951022397126843
ID_BPJUV5,0.0008636583942062988
ID_CQXF4X,0.0005256885830361588
ID_MGPAON,0.10869204351302995
ID_09WPJ8,0.4368263220609203
ID_R1PEVE,0.007917072805575092
ID_216MCZ,0.018062912002543195
ID_MD5ZPN,0.02655596421956185
ID_K0OH29,0.005549520167484986
ID_VGAEA4,0.40510308995028244
ID_XK7MSB,0.030962134035630248
ID_SX09M3,0.12524640243618232
ID_A2OYZO,0.0036092188182140915
ID_6SAYD0,0.6701395661401128
ID_GLL20T,0.0008636583942062988
ID_AQWJQ8,0.003429490649403487
ID_UGRYR4,0.0025268117690018287
ID_GL6Y05,0.0015420709420394302
ID_KSWWVL,0.30622565844033817
ID_VY891V,0.03471314121209254
ID_Y9XYIU,0.023139180812029588
ID_T8WEWP,0.003617281927005895
ID_DO9ENX,0.22495942864422752
ID_6SB0T0,0.026352210188419354
ID_YZND3K,0.015333337173607586
ID_EYBUBA,0.020018408203242615
ID_U5TTW3,0.11661110515969755
ID_O4T7XI,0.08576680484690706
ID_BN6HBQ,0.0036015124192450886
ID_KTMCGC,0.0007558853325796886
ID_ZLB5V2,0.014467641015740426
ID_HF7D2K,0.00022854003260085217
ID_6Y9H6L,0.4041315234149514
ID_V54S0J,0.0019423322152563375
ID_CPX8NB,0.024719031827153307
ID_9T3I83,0.44717235032855296
ID_T7MQR1,0.0149181929025198
ID_0UIDX3,0.026352210188419354
ID_FGDS0S,0.002993266417572498
ID_B3WIVB,0.48223468844252476
ID_59F16A,0.38914301342096513
ID_CHCG7T,0.33738697609268403
ID_Z5EDTR,0.4037438843656717
ID_KNPLH5,0.024868364365887505
ID_IW602E,0.33488633836332476
ID_VDPNWB,0.012146425614766447
ID_0D6TXJ,0.0004262875776626148
ID_MD7JYC,0.014919984166751905
ID_79ENQS,0.032317000893326335
ID_2SPZOT,0.43231061101645873
ID_BY8RT5,0.00022854003260085217
ID_AEX79K,0.43361683092055714
ID_JWMPCA,0.027927069965039252
ID_Q0CJST,0.009246791640377653
ID_N0IJQ8,0.0008636583942062988
ID_ZJMWLB,0.3473615133828831
ID_DM73MV,0.33621961010659507
ID_X2PZ2Q,0.42233125133578786
ID_0J9DYC,0.010195762662501995
ID_EFN11B,0.43231061101645873
ID_KGOD9P,0.38914301342096513
ID_H65OBN,0.018578511783841702
ID_1VI1A3,0.0026977200406906746
ID_4ZI6F4,0.000652193097969479
ID_0PZ6HM,0.018660117445094146
ID_IRDK2X,0.00020180733726916187
ID_PI1A6C,0.43308236597613703
ID_8MXIHN,0.4353184394007542
ID_KJ0K3E,0.049555545679977074
ID_87A8DC,0.004129541462436333
ID_I7P4VM,0.6929471352650256
ID_9JZUA9,0.0004365308072120946
ID_0VCCL9,0.39985343110775695
ID_D1HODK,0.0002199202535798389
ID_0GDAMU,0.10869204351302995
ID_4ABJA7,0.0002228986529156267
ID_ALQFC4,0.0015420709420394302
ID_BJ5APP,0.010787140701860022
ID_8JZN1K,0.021628892064669836
ID_QZQ8AD,0.007627181009056421
ID_7YLYXZ,0.40623670597069084
ID_09L4H0,0.00888220414688003
ID_7GNVE2,0.3179149277206741
ID_7OXITM,0.0026193890706222587
ID_Y8AKDX,0.022442197572180272
ID_L6YW2B,0.44017021458480377
ID_JC88Y4,0.03813796491449538
ID_2DWLUR,0.006517761451289796
ID_S88U88,0.45017527022733
ID_9HH0FD,0.39985343110775695
ID_PURNRS,0.020379763283868833
ID_HOO9VM,0.42088795390360084
ID_NSMUO0,0.10222133408785045
ID_RB1XD6,0.0007091106148382085
ID_B0HGVU,0.004641056630655946
ID_VSE1LH,0.0032340992869058912
ID_YZGEHT,0.849523494989284
ID_QWRR45,0.5774899231702633
ID_HBAFTD,0.6020068946707174
ID_1OD9OJ,0.9968464516693777
ID_ODLH6N,0.42549170437687034
ID_INHK75,0.0010922425352756372
ID_ERNXJX,0.5409175105574505
ID_P2GHXR,0.49915076525040325
ID_KS39CG,0.768024638125626
ID_92KXXP,0.38016733604965686
ID_VIS66Q,0.6420668588546374
ID_9J88VX,0.5715290352279256
ID_E82MDP,0.4680134286641437
ID_HZOS04,0.97729130491926
ID_DFB7N4,0.5927610297446093
ID_G6GQND,0.7671846581011713
ID_RUWPRT,0.0021991209910883327
ID_Z0AKCV,0.43249862426776003
ID_KQLDK2,0.03335453527386898
ID_PN7XYJ,0.5774899231702633
ID_AIIV1N,0.08712573053073885
ID_TBBVV7,0.31688391325557613
ID_Q7LI2S,0.0010922425352756372
ID_AND1BT,0.0010922425352756372
ID_57MADF,0.12812986491240194
ID_2SE7ML,0.5093793478552834
ID_19ZQHE,0.38016733604965686
ID_LY0A4M,0.7407698728279049
ID_EFKARA,0.493907033689852
ID_W05F63,0.5774899231702633
ID_DFMPIM,0.5090114635909111
ID_2A4KXY,0.48951743289564337
ID_ZNOHH1,0.4901600433194584
ID_OLCVM4,0.0148246855869624
ID_6GVXGK,0.006189499630255378
ID_ZCVWKG,0.9502384109153531
ID_1H3QP4,0.39344660377690466
ID_X6ADDB,0.0148246855869624
ID_BVL2MV,0.6157482327576594
ID_CTMBFB,0.4690911833987583
ID_FT3HWA,0.009208036924860379
ID_K39NG7,0.3920497650784611
ID_GK2Y40,0.9441622704112221
ID_MWEVAQ,0.47003347818808305
ID_GM46TE,0.41616178695741735
ID_YUIHVO,0.9913045113865921
ID_049Z51,0.41972138997590624
ID_IZMSBM,0.45180007446722126
ID_IZXB47,0.5405951309767074
ID_SMDB05,0.445341679565273
ID_J0XZ30,0.04007606564478595
ID_NG9KFL,0.9947685456999098
ID_X3UH5T,0.5090114635909111
ID_MTJKPR,0.3707033862530981
ID_3XXPSW,0.015803211742590296
ID_QFEEQA,0.8835031209541874
ID_Q05VTD,0.9902352645218825
ID_GTLVYT,0.9947926505814896
ID_YVAJAI,0.5409175105574505
ID_L40WNI,0.0109202749585406
ID_QJ9UTK,0.0064398636606095485
ID_ZTVNNO,0.034090709563678684
ID_UPWEA6,0.8703314845528834
ID_RTAO0L,0.6947775474060232
ID_KDPP4D,0.40866398942633664
ID_Z5NSM0,0.6863391491960401
ID_U22RU8,0.002274375348363485
ID_VHDGBI,0.5138555973238272
ID_MR98N2,0.02561630571865257
ID_8F1719,0.0035688261736938126
ID_GZE1C3,0.83169656029262
ID_N8F24V,0.8164102906500248
ID_3AH30S,0.5834878754692913
ID_M7QMLX,0.3907864194398164
ID_BPEWZL,0.8151498538687745
ID_MPUMYS,0.05561847568670744
ID_EYE015,0.6308469921037818
ID_Z4WZ72,0.013384259150921576
ID_8C15X9,0.4924191761998092
ID_QPUX99,0.7694770440884188
ID_QCBDGY,0.31155380067221466
ID_WRLCXY,0.8418465494329294
ID_X3P4TO,0.02502745277837317
ID_1PSUXG,0.9890313223553252
ID_U0VPR9,0.011912102346584895
ID_TP6N7S,0.560395188584121
ID_WNADY2,0.3096278286081817
ID_D4NVJQ,0.031100556952316838
ID_TLR3U1,0.9793856685815
ID_EOTYXO,0.026551418622238157
ID_7AXBDX,0.033972932080827446
ID_UWQQ6C,0.04292479869144215
ID_M4NRI3,0.002734206387870597
ID_DUZ95G,0.02882921556970528
ID_YTM8JA,0.989439449390573
ID_LUXYXY,0.2280174126526851
ID_9SSFYX,0.8118822761680816
ID_8AD8OY,0.012224094853515517
ID_U239DN,0.6863391491960401
ID_SC6PWC,0.026082137379475536
ID_67DZKP,0.04407545892334705
ID_4IXTRC,0.008704678445537047
ID_98ZE2D,0.026564693737567376
ID_442EGK,0.9478362472334286
ID_TUEEQ5,0.560395188584121
ID_556OOQ,0.39611586793763875
ID_SBOWJY,0.666717420138792
ID_G0Y3E6,0.034252731817555546
ID_T0K1NT,0.8567666427757368
ID_TW5DOA,0.9947426907737968
ID_PW3POM,0.3410318327401115
ID_OG86T4,0.06015871087713967
ID_WHABNN,0.6308469921037818
ID_LMPWKS,0.9849449132111633
ID_5H5JWI,0.4686346766590434
ID_BMZF5W,0.00344095150726475
ID_8KZSFL,0.476885847899795
ID_CKV954,0.99114479020199
ID_S5ALWS,0.00045445667585883813
ID_6OI1PK,0.698167028416764
ID_F2OXMD,0.30540108254685167
ID_45BD6B,0.4851947208319042
ID_ASM3MP,0.048104502642869494
ID_82TCWJ,0.41212858206545866
ID_R1FZXX,0.8651523995029167
ID_55CHKW,0.6140422540234325
ID_X8B25G,0.914989774540776
ID_GGYAHT,0.023407325005680088
ID_HVAP5O,0.033972932080827446
ID_R68Q94,0.9352342690943917
ID_F0SSUI,0.698167028416764
ID_Z646F4,0.007581095529157993
ID_B1T56B,0.044253932100261864
ID_1ZHN0M,0.08586584826780122
ID_7WLV7X,0.06940865984284904
ID_FDVKSF,0.7705470433818192
ID_645KZ2,0.5419245247461315
ID_KTXCZP,0.35227011744580505
ID_XYMFEJ,0.45841678123838603
ID_ABD9H5,0.0011688489515778307
ID_1DUOIQ,0.010297770848441551
ID_I2SAD8,0.02882921556970528
ID_K9SU93,0.7274832211762746
ID_9ERZT3,0.8087267216259476
ID_4QKVH5,0.8601991342304147
ID_H5FPHR,0.9555484765267418
ID_6DE36S,0.9135619829696463
ID_YA22IA,0.944475536327909
ID_5D66QA,0.0012571997704053644
ID_W9NPA9,0.0005970601945057116
ID_DM1O6Y,0.0009201738217278232
ID_W0RU49,0.005711306393713649
ID_HMBE5V,0.7040549024155334
ID_W1DY18,0.0002866214857236909
ID_E0EO15,0.9609501837582389
ID_XL1PZH,0.9555484765267418
ID_RSFC5Y,0.9934306496797894
ID_EZ4TEP,0.016598030821246116
ID_7Y68E2,0.9350396275269411
ID_R6403M,0.5449248135926369
ID_SYHLRK,0.9580019078796497
ID_SEUMPX,0.944475536327909
ID_RMVCJS,0.50299187589457
ID_YINQOM,0.08706484629292745
ID_0Y1WHO,0.9643873808431511
ID_Q4Y7DH,0.9247946893281436
ID_V9L9V8,0.980532167332337
ID_YN45D8,0.9335541218416762
ID_F936EZ,0.9678743470848897
ID_ZGMC7U,0.0005970601945057116
ID_J61T7X,0.9643873808431511
ID_1Z7NHK,0.004423542546254367
ID_EJAANZ,0.9819804411818763
ID_MYYIJU,0.9958479602712661
ID_YBBH3C,0.9833800260275632
ID_I8C6IO,0.9622801961156408
ID_HYI4QR,0.7275572954227553
ID_W47A2J,0.0011426109350014487
ID_KG0KGE,0.7542580772041689
ID_P53F8A,0.5367785125655931
ID_TSHKZQ,0.8236703905329607
ID_J9HE2F,0.9833800260275632
ID_K75RO0,0.0004760894423798648
ID_MQVC73,0.9903429710098631
ID_EC5EU1,0.0002795403643295539
ID_H3AA8Z,0.7848402145977729
ID_GHO4TK,0.9688854831796896
ID_TDMNA5,0.7179000669964677
ID_CVPNU3,0.591283800068397
ID_R611EJ,0.00046286502890848235
ID_Z8D0VB,0.34269912398134367
ID_JY4BO2,0.0002688999278909969
ID_J5S4F4,0.43731784012253777
ID_WN4LK3,0.29075388573102434
ID_9VRCT5,0.31623640478068643
ID_PVPBXR,0.00013149875148237445
ID_PM86AV,0.8033411780284445
ID_DWBYUR,0.8398656977505762
ID_AFVF6I,0.5188586805320861
ID_RO4YCP,0.3139283830893198
ID_H0W8SL,0.9845734232851979
ID_IHKKL3,0.7872049858044743
ID_XUPGBB,0.016106640744313495
ID_O6TGM6,0.0005632983753978735
ID_J483RR,0.42523128643190977
ID_KNLFH7,0.0005144302844000855
ID_OWK77E,0.0035960609123075965
ID_PNRS9U,0.00024488614866989924
ID_ZEHTOK,0.0002981796920274198
ID_I0P41M,0.4360144686309764
ID_KOAG80,0.0005966517243438231
ID_OCGDOQ,0.7951938503378431
ID_DEAWIP,0.5301149049486118
ID_RJ1O00,0.5351963478841925
ID_Q4GB2P,0.5221830670601186
ID_IFTWNX,0.00264072761506358
ID_VDXIK9,0.8331588194388796
ID_I539R0,0.6395286344697271
ID_E135L9,0.3547137434729898
ID_ASYLND,0.0017215805946888332
ID_DIJG1N,0.00043850767559822584
ID_ZZECYU,0.0005224075077443335
ID_WUWTAA,0.7631670483697047
ID_YR3FRD,0.03654785839965767
ID_8BVETA,0.0016189217275053788
ID_FPH6P1,0.0006816589130304016
ID_AM6ZVS,0.3177339892226854
ID_OY5O8C,0.3415389545257323
ID_7ZGLTJ,0.0007340383466678231
ID_5SEU4U,0.0006594281871953164
ID_VN5SHS,0.9449970338780104
ID_VLXAI0,0.8518560828290326
ID_J7JLCX,0.005192674805589392
ID_WOS1JQ,0.00011135936493901343
ID_2IEFI7,0.00036768472576433043
ID_XXYXOK,0.0011068249558948088
ID_AVJDQB,0.3950799053633246
ID_CISOW6,0.653645242447799
ID_HBYE94,0.6479465178176116
ID_NRUZ8H,0.00015930122991189357
ID_H3YAWT,0.0002972953133350858
ID_QOCPST,0.0020654666621427523
ID_DSX63T,0.0008868483119865006
ID_GA8TQ7,0.8932659779615258
ID_0HYY13,0.8707616949614819
ID_OEVLJV,0.0071720282094834735
ID_VA9ZIV,0.00021924301997734144
ID_JV26LI,0.38030430302861984
ID_YAK7KN,0.8680299122719031
ID_9VYP08,0.00047997639246062407
ID_WSJCGO,0.5957029818509323
ID_6VVDIN,0.0002520021835408632
ID_4MRNSO,0.00015031448996859445
ID_54M2YX,0.5642461635482572
ID_EGG55R,0.06288453939880742
ID_W5VM1N,0.0006594281871953164
ID_RF7ARS,0.5761179843841111
ID_2P6MK4,0.3716830179003189
ID_K4YFTX,0.7523217719300812
ID_C4BOLA,0.6370587817414858
ID_6MTRML,0.5717634048333363
ID_9JKC5Z,0.7152074909657093
ID_VFVLIT,0.35985222440227693
ID_BV1OSY,0.6282690462289751
ID_YZVAH6,9.159742965606817e-05
ID_6Y938J,0.7619255855446143
ID_UDKM28,0.26593042109756443
ID_WHTNOA,0.00040987677662227104
ID_NO8VXV,0.00019672791937601147
ID_2VJ1V2,0.00013201549984440271
ID_2SJ4L9,0.2881765065588931
ID_LD2IW5,0.009049699181868568
ID_G5O5U1,0.30773815290558443
ID_FDAR0W,0.35967765363204085
ID_Y4N9WL,0.37953053217038
ID_H3EYIX,0.0039606939594231
ID_4Q7HV8,0.37953053217038
ID_5MIEK9,0.0007636865255717374
ID_7SSV7R,0.39480333427801395
ID_RIKIEG,0.39341231960885314
ID_U0RG3Q,0.30773815290558443
ID_Z9PNA3,0.00042516051199843015
ID_VMZKXJ,0.752919836501878
ID_ZA449Y,0.010616782006828421
ID_JMDIEH,9.21088313211272e-05
ID_1YUQN6,0.36573845405335004
ID_WIKOOI,0.39341231960885314
ID_TL94KY,0.0029350742544220947
ID_T8RK0M,0.5386776411853487
ID_9QTR08,0.2883050217689676
ID_PZVZ9L,0.0005845788438370064
ID_OW1G1D,0.0002567253376350792
ID_TYAUHN,0.0004620537988771303
ID_M3HJO8,0.7143714823227686
ID_GN9GED,0.001445985228586479
ID_2SFUFT,0.30773815290558443
ID_IIXVD9,9.232573608699128e-05
ID_7O9K84,0.00020442630404947484
ID_NU8C9H,0.3650686600835289
ID_6UKXVY,0.36853317910275235
ID_EDVVN6,0.05328676293201675
ID_QDW6R8,0.019876962279865025
ID_N002O9,0.00022776500822975238
ID_TFV1ME,0.42589766927629424
ID_7Q3ZQE,0.5228897659473477
ID_K0IMI4,0.743654149177679
ID_Y1MN3G,0.0020176252682698004
ID_X5QO3H,0.002923655004132518
ID_58YY4D,0.005835815372071254
ID_SY120F,0.8166706940612655
ID_RFYOWE,0.0004940776499039134
ID_7L8KYA,0.0010403589428578705
ID_822PRV,0.00339692964013709
ID_8GDU3K,0.37852062607309106
ID_JPHAJO,0.002127457767465095
ID_COB5J5,0.007534893554666836
ID_7452XG,0.6494976099719191
ID_LO69JV,0.0005696806088712988
ID_F3L40T,0.0007337659794824953
ID_SR16DA,0.0013607402914444097
ID_51ZZ5L,0.4071502281158028
ID_EH6VDH,0.46252114136778444
ID_W6NX8K,0.002458107535096259
ID_J4CROS,0.0023427782469529774
ID_VMZ258,0.4061761132185101
ID_KR76HU,0.0004126936946094947
ID_2XQQIE,0.0030095357601560143
ID_GJUHBN,0.0004028032424130375
ID_PESHLH,0.002930446149696322
ID_ZF8SEK,0.0025262886527604575
ID_EJUZUC,0.3051240442560005
ID_689Y6E,0.0008721804473967711
ID_20ENLJ,0.003110831843604153
ID_WYWP2F,0.0010674145618769656
ID_B0PD1F,0.32159044457168096
ID_0Y5W2G,0.0005340614185261831
ID_61PD9E,0.0004672894504891778
ID_U6AQTV,0.000788623533789234
ID_3KAOX6,0.0025624181320467033
ID_AY0SIH,0.006076179077825067
ID_MP2H2M,0.00032527418238985855
ID_9AOD5L,0.00044608837857538206
ID_N2EWQD,0.00025862406845786486
ID_AT120F,0.19294068689579913
ID_P5UU7P,0.0014167596001277343
ID_ITQAL7,0.00037665080388199555
ID_7IA435,0.39603653922544124
ID_SULPKJ,0.0023978592165499295
ID_HUGU4X,0.3892373948522654
ID_QD6DLU,0.0025515974993186837
ID_BFPIQ3,0.00023125475907132014
ID_EAZBXD,0.001909276955844594
ID_QIR5F4,0.0009975769746154834
ID_4782MO,0.0006062714742827332
ID_ABNDJ3,0.003189569615955
ID_NI3I6J,0.0002848000035785627
ID_0W0H9P,0.0035932630991944107
ID_WTVQ3E,0.0006554648855466098
ID_86E4L7,0.00700653094645933
ID_Z9QWQV,0.28382480107524416
ID_E893KN,0.008972640670153008
ID_MTV93M,0.09644489219163635
ID_O7PVK4,0.0005893232202795086
ID_PVWFVJ,0.0004774600173713208
ID_MISKXI,0.0021218797309002493
ID_S7LSXT,0.5106721977895394
ID_C6SCW6,0.0007457140050190246
ID_U4971Z,0.00013063393432183638
ID_2FV48Z,0.003189569615955
ID_KMBPO6,0.39192364537246727
ID_EI7JEA,0.00010094385366890611
ID_5ELBYM,0.0013204513161944977
ID_PZ92BO,0.0009018584147499389
ID_U375A6,0.0029054299479635117
ID_CA8ADU,0.02998460441028705
ID_QUR0ZA,0.5138658380810515
ID_0HC3NI,0.0010605072997571675
ID_4VRASK,0.001909276955844594
ID_QVZZRS,0.32159044457168096
ID_G32Z07,0.0028195088787543576
ID_9N8RWA,0.00658758706627051
ID_4LG5BD,0.3399286908552823
ID_4XZQ7F,0.4346308792671415
ID_J3B6X4,0.00024738878776855977
ID_QL66LV,0.0020070946625472636
ID_HNV5TU,0.0010657159741584393
ID_NXMNNQ,0.008613761712178394
ID_CWVVLT,0.3205215559197838
ID_CN858U,0.29464713527415926
ID_KFN2I4,0.351810838997757
ID_CQZAV7,0.005430567688894386
ID_XV4W6H,0.004277334814997072
ID_TU77WG,0.011815460233279125
ID_0XGH0T,0.0006400850927088359
ID_GZF4YZ,0.0006468855520033865
ID_Z8WDOO,0.0016352635018898978
ID_503PAZ,0.04705815414738233
ID_6IJQM7,0.0024384612436834712
ID_ZO5YTM,0.002733461418924072
ID_58UOJ9,0.0020076271691882148
ID_ROWXCX,0.0005755822533192143
ID_97P8XE,0.0005894670023724787
ID_8MHM1T,0.015515506454791186
ID_0H05XN,0.04938330950688986
ID_INGEJ0,0.32159044457168096
ID_2W31DI,0.0009398969480522367
ID_BTDUI5,0.0012068118563711718
ID_ZZTNQJ,0.0005072343899177219
ID_T6MYML,0.01260308411704265
ID_M5D7QK,0.0001170104813984238
ID_BDLH59,0.0029521850982609284
ID_0YMOKV,0.0006276789781758859
ID_61XQIU,0.4061761132185101
ID_AE4ICB,0.0030712564275074475
ID_MN50M0,0.007287458912151821
ID_M9P56Y,0.6959044287128707
ID_26LXM4,0.0821993943446208
ID_GFUGC9,0.3331972978383068
ID_ENM5TP,0.0015640895990750375
ID_UNI6DN,0.0029158920769430754
ID_88JI5G,0.0004363869397230516
ID_CPXWZ0,0.00010689934566448893
ID_BMDO2O,0.0037142350456548508
ID_X75YV5,0.40309070084986187
ID_M1E2E5,0.3873590694211251
ID_N2M30D,0.33190320011012414
ID_3WEZFT,0.0001647829229673754
ID_INY7MK,0.0017528967067748167
ID_2REFWQ,0.0015087125249257515
ID_8JE8LQ,0.0003565193839468076
ID_BYGWO1,0.007701341540966634
ID_R0RHSR,0.3354468208210187
ID_EJQFY0,0.002630728174229421
ID_OGDFGK,0.0002228210824589469
ID_HMPYNL,0.00037590653663816887
ID_DXUQKR,0.415979336692831
ID_DAL44T,0.4561831892823904
ID_WYEHVX,0.33319578799571326
ID_418TJ5,0.0005753163067034185
ID_NKZPJM,0.00045233754554757394
ID_MUMBBQ,0.03577926003170391
ID_GX22FY,0.00013063393432183638
ID_69B0TU,0.007701341540966634
ID_KSFLWZ,0.005430567688894386
ID_QVA3EW,0.34788596849917997
ID_9VNBP9,0.0005155790461052337
ID_N3GN18,0.00046784645095613973
ID_HAO7SY,0.0016931094498768265
ID_0L5B2X,0.0003956756458346149
ID_4ODX2F,0.0015810838128582326
ID_PJZXUT,0.0007437668919738675
ID_ITOCLS,0.12782782516567545
ID_NZ0UW6,0.00028329767143497767
ID_VDZ0J4,0.0034583335333653606
ID_G30RAU,0.0035932630991944107
ID_76L7PX,0.004147158789287362
ID_ZDMMVL,0.0039601782632914745
ID_QV6LBN,0.00044608837857538206
ID_DM9FMN,0.0027497634342094823
ID_ZZTSAL,0.010911749015646172
ID_83949A,0.0021342728187598997
ID_2MKBYH,0.0001653243174744818
ID_ZAWLNK,0.00043404540466123647
ID_AYV26T,0.00013063393432183638
ID_UZZON2,0.0012022645464591039
ID_KTBL63,0.7958570426128249
ID_0GK2AM,0.0010208856481636213
ID_YX4DV6,0.0001170104813984238
ID_LWL6TY,0.0033852595820203046
ID_6G4884,9.256229535664361e-05
ID_24QMKW,0.005713737006091271
ID_CQ1ASS,0.04938330950688986
ID_HAHNPM,0.03793306259674698
ID_41OVVS,0.0005053563415664733
ID_QQ09O4,0.3236542952773723
ID_1S3R4L,0.002127457767465095
ID_2NW9SK,0.47321720114083426
ID_FJVSRI,0.005033079785460011
ID_OBUMNF,0.0031435648121457506
ID_OAW2YC,0.002458107535096259
ID_R66T8G,0.0037142350456548508
ID_EW3GM0,0.29040049720045324
ID_PS7L3X,0.00020645702753391233
ID_1WPIVA,0.0003194178139858899
ID_K1QMSI,0.46897018886716624
ID_U5JLQE,0.00172816920624111
ID_W4NMTI,0.0026966043276972127
ID_QHYI9V,0.0024789573368145714
ID_S7VERL,0.00020018441348563685
ID_I6KBGS,0.06984786261946972
ID_AN3D4C,0.00238385414672945
ID_4R5TE4,0.002821841919862565
ID_ZA6OXL,0.006396301926847698
ID_38EAIB,0.0006670628059212977
ID_AMCWIM,0.027168385688533456
ID_C475SE,0.002779256089674307
ID_BZ8E18,0.0028676207583275192
ID_WNELXT,0.0821993943446208
ID_7R11B3,0.0025262886527604575
ID_IGN4SK,0.0038143210546825617
ID_6FOZAS,0.0026999215870291884
ID_JYMX98,0.0038448736180803182
ID_9RQQBU,0.0004552393415254997
ID_OGPW3T,0.00238385414672945
ID_9W6DKS,0.03313455288407733
ID_5PQ33N,0.40309070084986187
ID_F3PTJ7,0.0057341214817632075
ID_C4S2QO,0.00033727970403555236
ID_C8EYBD,0.0036012401014962167
ID_G994H9,0.002375293075413287
ID_TJ7340,0.01660746247607087
ID_J3CJRV,0.31579610297429106
ID_BASNOH,0.010223453178214202
ID_2Z7R6D,0.00238385414672945
ID_Y1B62M,0.002930446149696322
ID_TO02H9,0.5635339370909016
ID_5C3KXF,0.0325049136718624
ID_6WREXD,0.0004901942735008486
ID_GBNWER,0.00445828960556675
ID_4UH232,0.03272317325320982
ID_LKRO8C,0.3725632573511843
ID_QRKNVZ,0.0006276789781758859
ID_2KXELP,0.32159044457168096
ID_FX2H2N,0.001763952164499866
ID_VCZZDG,0.0022346647869366364
ID_WPNGUI,0.0016954081788855214
ID_T11MP3,0.004774316150045846
ID_F8S8CG,0.0007337659794824953
ID_0NWVDB,0.0010116496774403394
ID_V35HX4,0.4441940252694383
ID_VQZK3Q,0.0019080075689311949
ID_7HA09Z,0.5133980888953966
ID_5KK3MP,0.405411902114338
ID_U3G1YD,0.0002762980286651402
ID_WLIXGT,0.00339692964013709
ID_DAYW9B,0.007070661202665036
ID_IA3VSG,0.0010549648648469248
ID_FI3U9J,0.002127457767465095
ID_KXENVI,0.013078982239876368
ID_0WAZH1,0.3052851876244452
ID_127BZS,0.3051240442560005
ID_ZTSS0B,0.32159044457168096
ID_ZETATS,0.0039708290515683255
ID_6V54TW,0.0020728131525477966
ID_MFR6NL,0.002733461418924072
ID_NE92O6,0.027168385688533456
ID_AOAY10,0.12253024587975142
ID_D4KMRF,0.43182190138831156
ID_MS5SR5,0.4340211927685086
ID_A9332B,0.005737121541535562
ID_FYB32G,0.005430567688894386
ID_EHC5GQ,0.0041091623838135725
ID_WG49OQ,0.002091409800827112
ID_GBV4J9,0.004880072686269339
ID_8LWSYO,0.004961405260270493
ID_BV04R8,0.4530791063000117
ID_BIGQQX,0.010328287596650592
ID_XUX6FA,0.302459615601775
ID_OUPAE9,0.006076179077825067
ID_A0H5W2,0.0004641284436204254
ID_BMHV49,0.34126380119296335
ID_MINF1C,0.0004478359639150665
ID_UOA62A,0.004482290930707213
ID_CHVRQL,0.6150733828145876
ID_ETCQYE,0.0035841213673637714
ID_PAPK6H,0.00833238441601728
ID_2WHUY5,0.0038561442006835337
ID_XR28ZW,0.4412466110914184
ID_BHAINK,0.005825938397769437
ID_5ZPLAR,0.38384615680808765
ID_FWN1N3,0.005116836768263397
ID_UKQV6A,0.0003956756458346149
ID_XZ26GH,0.002662345498025609
ID_WGJ2OT,0.0004332390392281192
ID_HX39EQ,0.43182190138831156
ID_80MI41,0.007535475390784243
ID_50ZFI9,0.030252976372793915
ID_NY4YAP,0.00238385414672945
ID_7SH8HF,0.4545673051342392
ID_NGSCLZ,0.0035903298193665084
ID_AARWN2,0.002571900366395192
ID_O2C4K4,0.001965455738898775
ID_EX7YS4,0.0029158920769430754
ID_AV6OQO,0.0011936089820812673
ID_49WC49,0.0004456457218110796
ID_YGVSWG,0.004504652637768082
ID_UUUSTV,0.0025734894580051026
ID_6LALDE,0.2906955348975374
ID_8SBIRQ,0.0025262886527604575
ID_CG3C57,0.0001658677545248483
ID_INQ163,0.3495141783487701
ID_HDPVBK,0.0005112899921471657
ID_ZM1I1Z,0.0006434190369855601
ID_FV7UZW,0.33017430100323736
ID_Q3VL2H,0.33313064284112204
ID_T2S173,0.0011401820986069158
ID_Z3PC7H,0.0008026395356899057
ID_T84LFC,0.15400269116359805
ID_4JT9DU,0.291389211687083
ID_M2GJJO,0.0019042156300757439
ID_QFS8JE,0.0010403589428578705
ID_RZXJG5,0.0016954081788855214
ID_K1SM07,0.0035274842203202
ID_VQ7Q1W,0.01359874529738534
ID_K8GLZ7,0.0005359094650179495
ID_DKN3QL,0.0022503785849147056
ID_KM5D53,0.006448766042536692
ID_WNTVRD,9.50600233756769e-05
ID_7N936W,0.0005410873349091575
ID_2PJRH3,0.01260308411704264
ID_OLL2KF,0.024734648965317567
