{
  "description": "This is a system generated manifest of files expected to be present in this zip. It can be safely deleted.",
  "metadata": {
    "generated_at": "2026-01-28T21:54:47+00:00",
    "trigger": {
      "file_hashid": "unknown",
      "action": "unknown"
    }
  },
  "manifest": [
    {
      "filename": "dataset_data_dictionary.csv",
      "filesize": 989,
      "description": "A full description of all the features in the dataset",
      "created_at": "2026-01-28 21:32:32 UTC",
      "updated_at": "2026-01-28 21:32:35 UTC"
    },
    {
      "filename": "Train.csv",
      "filesize": 2612457,
      "description": "This file should be used to train and validate the model.",
      "created_at": "2026-01-28 21:33:40 UTC",
      "updated_at": "2026-01-28 21:33:46 UTC"
    },
    {
      "filename": "Test.csv",
      "filesize": 1068041,
      "description": "The file contains the same input features as the training set but excludes the target variable; it should be used to generate predictions.",
      "created_at": "2026-01-28 21:33:07 UTC",
      "updated_at": "2026-01-28 21:33:20 UTC"
    },
    {
      "filename": "SampleSubmission.csv",
      "filesize": 33335,
      "description": "This file shows the required submission format.",
      "created_at": "2026-01-28 21:36:01 UTC",
      "updated_at": "2026-01-28 21:36:09 UTC"
    },
    {
      "filename": "StarterNotebook.ipynb",
      "filesize": 127006,
      "description": "Very basic starter notebook.",
      "created_at": "2026-01-28 21:53:27 UTC",
      "updated_at": "2026-01-28 21:54:47 UTC"
    }
  ]
}