ID,Target_AUC,Target_LogLoss
ID_VR75BG,0,0
ID_D2J0WZ,0,0
ID_CWLNAK,0,0
ID_9BU2DP,0,0
ID_QTX80L,0,0
ID_ZN2B0I,0,0
ID_LZTQB3,0,0
ID_GBKT0A,0,0
ID_A5272C,0,0
ID_M830O3,0,0
ID_B8AWTG,0,0
ID_O2FG96,0,0
ID_U8023Z,0,0
ID_YNH8P8,0,0
ID_4H55KD,0,0
ID_43ONVH,0,0
ID_D22OY1,0,0
ID_WXRR19,0,0
ID_QPK39H,0,0
ID_2Y4T1Y,0,0
ID_NR622T,0,0
ID_RH0FB1,0,0
ID_MTBT69,0,0
ID_VA1A86,0,0
ID_TB1R95,0,0
ID_KH4HTN,0,0
ID_92TH5X,0,0
ID_ODTXQG,0,0
ID_HL8WRT,0,0
ID_578R69,0,0
ID_2X847R,0,0
ID_Y47LZX,0,0
ID_B1PJR0,0,0
ID_0FFWV1,0,0
ID_U1XDGM,0,0
ID_RO6W6C,0,0
ID_UFKWDA,0,0
ID_P8Q04V,0,0
ID_JLJ03D,0,0
ID_B8QILA,0,0
ID_JE3FZR,0,0
ID_LQ9CHV,0,0
ID_XSLBHB,0,0
ID_9VLEGV,0,0
ID_7U65QA,0,0
ID_ZSZ56U,0,0
ID_7P6UJA,0,0
ID_4NIXHH,0,0
ID_ZSR9YY,0,0
ID_G52BSJ,0,0
ID_V0QT54,0,0
ID_VMIGJX,0,0
ID_U7RLPJ,0,0
ID_LFBHSJ,0,0
ID_TEQ9BY,0,0
ID_G6RY2W,0,0
ID_PRYAL5,0,0
ID_2QCLF5,0,0
ID_A8KNGU,0,0
ID_W4SD30,0,0
ID_R8E5BZ,0,0
ID_CKGM7U,0,0
ID_QECMWH,0,0
ID_V2IQ0U,0,0
ID_1TDW2G,0,0
ID_VWDTB0,0,0
ID_QA2ZXS,0,0
ID_WZK14V,0,0
ID_JTSQGK,0,0
ID_W00JRV,0,0
ID_TFU0ON,0,0
ID_X7Y768,0,0
ID_COGMQY,0,0
ID_V56UJ0,0,0
ID_A9F0SA,0,0
ID_T0R4DQ,0,0
ID_FNKU5J,0,0
ID_O4BEWL,0,0
ID_ZS8C0E,0,0
ID_PF7XD4,0,0
ID_UYBX1V,0,0
ID_LO1564,0,0
ID_PPBE9O,0,0
ID_4BBLHF,0,0
ID_62C1UU,0,0
ID_VV1EP8,0,0
ID_7H5QYW,0,0
ID_BGZ2W7,0,0
ID_UY3NRT,0,0
ID_TJNMZN,0,0
ID_29M6GX,0,0
ID_1JNV1N,0,0
ID_OPAVA5,0,0
ID_VWLE3Y,0,0
ID_85V3OU,0,0
ID_H2QQ55,0,0
ID_87LUQV,0,0
ID_K2IG09,0,0
ID_KICIFI,0,0
ID_9RVK4H,0,0
ID_R9DG37,0,0
ID_08ZRLG,0,0
ID_YHCKM6,0,0
ID_29MK5P,0,0
ID_HONYPZ,0,0
ID_UVTBTC,0,0
ID_YC2W03,0,0
ID_H8WEF2,0,0
ID_NIJMQ3,0,0
ID_T197KY,0,0
ID_7B3XF7,0,0
ID_K1YXS7,0,0
ID_5SAX4X,0,0
ID_CBAIC6,0,0
ID_8FU98R,0,0
ID_1TXV8S,0,0
ID_4132WW,0,0
ID_ZQCGLL,0,0
ID_IYWMLT,0,0
ID_H1ZY5Y,0,0
ID_NZWV2X,0,0
ID_FJ0M8V,0,0
ID_CAGXV4,0,0
ID_CSBMV3,0,0
ID_WEB0YK,0,0
ID_6STE3N,0,0
ID_OV3QFN,0,0
ID_Q0TGT6,0,0
ID_P9E5FI,0,0
ID_RH7MZM,0,0
ID_NCCRX4,0,0
ID_U4OV15,0,0
ID_06M6RK,0,0
ID_MXU815,0,0
ID_V1BEMX,0,0
ID_O5NPMJ,0,0
ID_88RRYC,0,0
ID_OBTUA4,0,0
ID_AT8XYC,0,0
ID_8BKSJD,0,0
ID_IXT4JS,0,0
ID_2H05G0,0,0
ID_1H8HWS,0,0
ID_DS5T0S,0,0
ID_4ERQL7,0,0
ID_C5CWSZ,0,0
ID_8R6GJN,0,0
ID_JNICE2,0,0
ID_1FXI7K,0,0
ID_Y81WH5,0,0
ID_JR2RF3,0,0
ID_K3KBW4,0,0
ID_QZA608,0,0
ID_X90517,0,0
ID_1FWTUW,0,0
ID_I4KKYJ,0,0
ID_ZNVWSY,0,0
ID_VM5DT7,0,0
ID_VHPXCA,0,0
ID_KGTKG9,0,0
ID_SVR41Q,0,0
ID_UGJO0F,0,0
ID_2DLWNI,0,0
ID_67ZTCO,0,0
ID_H1H3AF,0,0
ID_Z2GBYO,0,0
ID_O2VOCN,0,0
ID_INZ9BP,0,0
ID_OZXD4B,0,0
ID_5VDZZ5,0,0
ID_RQCKXN,0,0
ID_7ZOZV9,0,0
ID_25FJW0,0,0
ID_IFV10N,0,0
ID_5IANXR,0,0
ID_DBDWX7,0,0
ID_D4E6VO,0,0
ID_11V0JG,0,0
ID_L89JQO,0,0
ID_U5GVIU,0,0
ID_B6MAL1,0,0
ID_DOMF0G,0,0
ID_4I3EXN,0,0
ID_DIFFHM,0,0
ID_EJNDYZ,0,0
ID_IC6WMZ,0,0
ID_B0WIRR,0,0
ID_6A0OPH,0,0
ID_PRJRBG,0,0
ID_22FNIZ,0,0
ID_6NJTL3,0,0
ID_91KHTG,0,0
ID_TMAMYW,0,0
ID_HY6EL2,0,0
ID_6KV0FD,0,0
ID_94BGR2,0,0
ID_UMXLND,0,0
ID_WZWKJ1,0,0
ID_RWJE96,0,0
ID_7VM4QS,0,0
ID_9B07NZ,0,0
ID_UMALEC,0,0
ID_3AFWR0,0,0
ID_77BR18,0,0
ID_9XM9AU,0,0
ID_EBNADJ,0,0
ID_L1B8YI,0,0
ID_SX7SZX,0,0
ID_U4924F,0,0
ID_RJJKAF,0,0
ID_BPZF4C,0,0
ID_7LQORR,0,0
ID_EVHZS3,0,0
ID_QVA1T0,0,0
ID_DS2IOB,0,0
ID_6ZGSVA,0,0
ID_I7FG5P,0,0
ID_P2OHI6,0,0
ID_F14FBC,0,0
ID_VEGE04,0,0
ID_BF3PM9,0,0
ID_AX5OQQ,0,0
ID_4RQFOA,0,0
ID_A5RB2A,0,0
ID_7W0ZWH,0,0
ID_1S3L2M,0,0
ID_ZXRWSW,0,0
ID_CRMJV9,0,0
ID_JYKVII,0,0
ID_X2KSWS,0,0
ID_8R7FDO,0,0
ID_J0ZPIJ,0,0
ID_6CAG1W,0,0
ID_8B8ZCD,0,0
ID_O2F8AD,0,0
ID_HWX78Y,0,0
ID_XSKSCQ,0,0
ID_M3AMCA,0,0
ID_6SAGBW,0,0
ID_1S0R7G,0,0
ID_RH1HAP,0,0
ID_TVMPNB,0,0
ID_8KQWZ8,0,0
ID_V99S9Y,0,0
ID_Z6E92I,0,0
ID_MM73YO,0,0
ID_EC4809,0,0
ID_7JA0FX,0,0
ID_DHXLXO,0,0
ID_WLLRJS,0,0
ID_QJTB4G,0,0
ID_E3HAO8,0,0
ID_DYLQO7,0,0
ID_3UTCS8,0,0
ID_ZK3KHF,0,0
ID_GNGQVK,0,0
ID_X02F8P,0,0
ID_EG8XV5,0,0
ID_BDKUFQ,0,0
ID_3DJ5CB,0,0
ID_UIT4E1,0,0
ID_PM7Z0M,0,0
ID_Y8K03C,0,0
ID_YOFFFW,0,0
ID_3UUS9I,0,0
ID_WF8QOM,0,0
ID_A2F6SR,0,0
ID_PQ76K1,0,0
ID_4F4JBP,0,0
ID_R0A13G,0,0
ID_9YGB7D,0,0
ID_L4539E,0,0
ID_Z3ZQTO,0,0
ID_G1LIDB,0,0
ID_KTVDPJ,0,0
ID_YKHHMD,0,0
ID_GVVTIL,0,0
ID_AEFBGP,0,0
ID_7W61DF,0,0
ID_3FLGF5,0,0
ID_19CYHE,0,0
ID_LAM12Z,0,0
ID_LDKKT2,0,0
ID_X4633K,0,0
ID_W6FKX7,0,0
ID_KD10FV,0,0
ID_9X4A2J,0,0
ID_MOW72E,0,0
ID_IJYTJL,0,0
ID_E9MHW0,0,0
ID_W3NFKF,0,0
ID_8OC33R,0,0
ID_5NZN44,0,0
ID_9PMRGF,0,0
ID_1VPGGV,0,0
ID_IK70C7,0,0
ID_ZVETXD,0,0
ID_2GLKZ9,0,0
ID_K5A2SR,0,0
ID_48WCER,0,0
ID_2OQKS3,0,0
ID_68CQXJ,0,0
ID_DKMT94,0,0
ID_B7ULF0,0,0
ID_K9DGDT,0,0
ID_BV5WZ4,0,0
ID_YR5P2Y,0,0
ID_Z8UG24,0,0
ID_AELGXQ,0,0
ID_LXDK2N,0,0
ID_5K5FLI,0,0
ID_ZA5IVI,0,0
ID_BEF9GH,0,0
ID_IFRRVQ,0,0
ID_KDD3KK,0,0
ID_SVUIX4,0,0
ID_MOYB55,0,0
ID_T690HU,0,0
ID_ZODEHB,0,0
ID_ZAE87O,0,0
ID_U7TCB1,0,0
ID_MSQV9Y,0,0
ID_6PWPEO,0,0
ID_PLWUAN,0,0
ID_JJ0KF6,0,0
ID_MR090N,0,0
ID_JSMWJ9,0,0
ID_F4BBC1,0,0
ID_KCYQFI,0,0
ID_32UYQG,0,0
ID_1P1BX5,0,0
ID_55PA1H,0,0
ID_HAS5ZK,0,0
ID_TNE9DU,0,0
ID_F8TLXQ,0,0
ID_FVLFXE,0,0
ID_N9B6YN,0,0
ID_NRX18Z,0,0
ID_6AFKFD,0,0
ID_FZHZPA,0,0
ID_KBXE4I,0,0
ID_21USP1,0,0
ID_3TZW0G,0,0
ID_GE10WD,0,0
ID_Y9SM63,0,0
ID_S5H54V,0,0
ID_DOOCOP,0,0
ID_80PWIE,0,0
ID_I2UBSR,0,0
ID_Y6CROS,0,0
ID_SPQV0W,0,0
ID_ZL0R8B,0,0
ID_24LPCX,0,0
ID_KFQ5U2,0,0
ID_AO0W9G,0,0
ID_TO55VJ,0,0
ID_LBJ9RN,0,0
ID_F0UEE4,0,0
ID_3XTB96,0,0
ID_XV6FLL,0,0
ID_AH90T4,0,0
ID_ILZWB7,0,0
ID_AE057T,0,0
ID_M3ZRXK,0,0
ID_5C65UW,0,0
ID_TIGPBW,0,0
ID_0YK9W5,0,0
ID_10UFOG,0,0
ID_YXTSZH,0,0
ID_MWV5LM,0,0
ID_EYU8B9,0,0
ID_SE6B80,0,0
ID_89VXOV,0,0
ID_50Q6WW,0,0
ID_I8HPL9,0,0
ID_J27JG3,0,0
ID_C2JK15,0,0
ID_DXMZQ1,0,0
ID_OFKQOZ,0,0
ID_TDL74R,0,0
ID_3S8D93,0,0
ID_QY2DU3,0,0
ID_T1JOYP,0,0
ID_HP3842,0,0
ID_0I1U77,0,0
ID_47A5EL,0,0
ID_M7KFNC,0,0
ID_A46IPL,0,0
ID_7H97HB,0,0
ID_WWDDVH,0,0
ID_6Y61BB,0,0
ID_4LZ7YB,0,0
ID_MRHQEB,0,0
ID_47QCVY,0,0
ID_BZ7LYR,0,0
ID_Z4YAZX,0,0
ID_XDUNN2,0,0
ID_0LIUN9,0,0
ID_ST1QBT,0,0
ID_OUGDN1,0,0
ID_LG0VQV,0,0
ID_T35MUA,0,0
ID_G4LNTC,0,0
ID_382PH8,0,0
ID_IMV0D4,0,0
ID_EFPQKV,0,0
ID_655O9K,0,0
ID_C76BE8,0,0
ID_P9RX89,0,0
ID_ZSH4NV,0,0
ID_UUE77Y,0,0
ID_W88UFX,0,0
ID_HVRWMK,0,0
ID_D9F489,0,0
ID_A53IMM,0,0
ID_U5N6OK,0,0
ID_0IA3U4,0,0
ID_AWMO0O,0,0
ID_YN7UDX,0,0
ID_VAYWTX,0,0
ID_3U1SQG,0,0
ID_0H3X2L,0,0
ID_ICN4GJ,0,0
ID_0RDR1S,0,0
ID_F594CS,0,0
ID_I9VD7X,0,0
ID_19LP0B,0,0
ID_0SVI1N,0,0
ID_0XDJOQ,0,0
ID_DBJOKV,0,0
ID_0SY02I,0,0
ID_BV3PNF,0,0
ID_S411U3,0,0
ID_5DONA4,0,0
ID_IQQ4OJ,0,0
ID_L097TN,0,0
ID_VSOM5X,0,0
ID_AWJ5Z5,0,0
ID_BHQ3IW,0,0
ID_97O8TQ,0,0
ID_R55MDG,0,0
ID_CSVRPM,0,0
ID_TJBRAW,0,0
ID_KKPFJI,0,0
ID_P1CD1N,0,0
ID_Y3GM2D,0,0
ID_ID8ZJY,0,0
ID_CWDGJE,0,0
ID_F9UK6Q,0,0
ID_CRFF3J,0,0
ID_TUMTIO,0,0
ID_C3PMG7,0,0
ID_NOWSN6,0,0
ID_6IM3A5,0,0
ID_G5DLHL,0,0
ID_Q11UH3,0,0
ID_LA3E1D,0,0
ID_CSGKSU,0,0
ID_HKQWOK,0,0
ID_GRB582,0,0
ID_1VH16J,0,0
ID_JGM1I1,0,0
ID_BMBA17,0,0
ID_BYRTD5,0,0
ID_GZP11Y,0,0
ID_MIR1ZQ,0,0
ID_HTTJFU,0,0
ID_JLGX1S,0,0
ID_H5DOAD,0,0
ID_FXOHP9,0,0
ID_QV5XAG,0,0
ID_WNH2IG,0,0
ID_P8DUZW,0,0
ID_U95M1M,0,0
ID_Z8XGD1,0,0
ID_VRZF5I,0,0
ID_9MWO3D,0,0
ID_4Z50I0,0,0
ID_VV6DDP,0,0
ID_Y96J4G,0,0
ID_8KO7O2,0,0
ID_V7UOYM,0,0
ID_VVJKG4,0,0
ID_FR96CQ,0,0
ID_OBSNIC,0,0
ID_VI3OG1,0,0
ID_W1UQJ8,0,0
ID_LO33YI,0,0
ID_JC1QDC,0,0
ID_ZHQ1RM,0,0
ID_NQDJV3,0,0
ID_HRFY7F,0,0
ID_CG0I5W,0,0
ID_POY2Z3,0,0
ID_9VF5VE,0,0
ID_3RG22H,0,0
ID_FRI58F,0,0
ID_JOM6MZ,0,0
ID_BR4K3Q,0,0
ID_OAHWC6,0,0
ID_0V3HJL,0,0
ID_HVYWV8,0,0
ID_Q757G3,0,0
ID_XTL3TX,0,0
ID_ZX7DOY,0,0
ID_GN4XO9,0,0
ID_6R3S3B,0,0
ID_NR5NSO,0,0
ID_L6ME2M,0,0
ID_HU6NDX,0,0
ID_5OHO9H,0,0
ID_PUIV3C,0,0
ID_8RZVWS,0,0
ID_7RTA6I,0,0
ID_ORZGM2,0,0
ID_AZ2OKD,0,0
ID_5MPNCA,0,0
ID_DY2ZOP,0,0
ID_DMCXHL,0,0
ID_O24CYV,0,0
ID_73XX1B,0,0
ID_52ZF9H,0,0
ID_K82WIX,0,0
ID_UXJ840,0,0
ID_E8LQZV,0,0
ID_RWVM6K,0,0
ID_WMTG6D,0,0
ID_FJ0ASD,0,0
ID_CJZLBE,0,0
ID_JI0SSK,0,0
ID_PSG7RD,0,0
ID_TC08ZV,0,0
ID_QLXIRN,0,0
ID_ERXIXC,0,0
ID_WDYMXG,0,0
ID_ZNDC94,0,0
ID_F1DS2D,0,0
ID_EDUTGT,0,0
ID_SQ2U5O,0,0
ID_G9YWAB,0,0
ID_X256UD,0,0
ID_785584,0,0
ID_0B5WWW,0,0
ID_2N5Y25,0,0
ID_U5QBX2,0,0
ID_O7G110,0,0
ID_8Z1HKR,0,0
ID_9J0M7R,0,0
ID_BDBUEN,0,0
ID_4XHBEU,0,0
ID_QG6OCC,0,0
ID_O8H7KA,0,0
ID_FJG29A,0,0
ID_KGPGKH,0,0
ID_BM9C7L,0,0
ID_7JV5CM,0,0
ID_ZZBESC,0,0
ID_1LKEBF,0,0
ID_8LLSWD,0,0
ID_RQ2GR9,0,0
ID_P7GTUO,0,0
ID_RDHYE8,0,0
ID_BLRE5Q,0,0
ID_RNERIG,0,0
ID_SM7J0L,0,0
ID_GWTJV0,0,0
ID_3QU11Y,0,0
ID_KQERIY,0,0
ID_1V6O84,0,0
ID_M4CX46,0,0
ID_FFUMQ3,0,0
ID_P52BGH,0,0
ID_HGMIF1,0,0
ID_J9H2QC,0,0
ID_KKK0EH,0,0
ID_Q63A0W,0,0
ID_6SCS8R,0,0
ID_4545F2,0,0
ID_EJR9WF,0,0
ID_0PJXZ9,0,0
ID_EB83CF,0,0
ID_PB779J,0,0
ID_A28RSR,0,0
ID_Q0NTOD,0,0
ID_LLPQ6P,0,0
ID_B6NR3G,0,0
ID_Q2NSZN,0,0
ID_1XKQF0,0,0
ID_Z97TPJ,0,0
ID_0IGGLA,0,0
ID_IR0K1N,0,0
ID_JFNWD4,0,0
ID_92GIMH,0,0
ID_EDTI23,0,0
ID_8LQU8Q,0,0
ID_ZPHZWO,0,0
ID_BY7KJL,0,0
ID_85K5DN,0,0
ID_AQ3TLV,0,0
ID_86Z2GN,0,0
ID_8JEJ86,0,0
ID_J3OKI9,0,0
ID_8YJ20L,0,0
ID_CBSECK,0,0
ID_LTZVDV,0,0
ID_KFCTY6,0,0
ID_SOVX8K,0,0
ID_V3VQ63,0,0
ID_XBT3ZU,0,0
ID_NRBMG5,0,0
ID_VEKVXX,0,0
ID_ANHRD8,0,0
ID_MET9K3,0,0
ID_HXN44U,0,0
ID_OE0RRA,0,0
ID_WY8C7Y,0,0
ID_WDJZJJ,0,0
ID_GBZ1S5,0,0
ID_TEIJCN,0,0
ID_4ZI9DP,0,0
ID_GVNVKO,0,0
ID_Y074IB,0,0
ID_6AS95X,0,0
ID_6PTBHR,0,0
ID_E97AO6,0,0
ID_LBBHSD,0,0
ID_IRVDYE,0,0
ID_00N48V,0,0
ID_2LQUJ4,0,0
ID_FDJ925,0,0
ID_RN7V5F,0,0
ID_8JANG9,0,0
ID_MGIF24,0,0
ID_YS82S2,0,0
ID_DJD0WZ,0,0
ID_KOU9NL,0,0
ID_31KH1F,0,0
ID_2H6O3M,0,0
ID_ZY16RH,0,0
ID_U4FCM5,0,0
ID_IU8K9M,0,0
ID_B9BS99,0,0
ID_GY1211,0,0
ID_V77N7F,0,0
ID_JNC61O,0,0
ID_LSKUYQ,0,0
ID_E985VD,0,0
ID_JVYLI8,0,0
ID_JYTEIB,0,0
ID_H3VV66,0,0
ID_K34XJS,0,0
ID_RJI4VC,0,0
ID_2DMO1P,0,0
ID_KDMAKX,0,0
ID_TPG1RJ,0,0
ID_JX1J9V,0,0
ID_P6AOXD,0,0
ID_4BC1GT,0,0
ID_3864PL,0,0
ID_9VR5YI,0,0
ID_VZ0RO2,0,0
ID_B155O3,0,0
ID_H0T47J,0,0
ID_78VSE9,0,0
ID_8A68YP,0,0
ID_3HLB8P,0,0
ID_XK9UQK,0,0
ID_NDL2CF,0,0
ID_OONVHQ,0,0
ID_ZQME1P,0,0
ID_PTG6J8,0,0
ID_YWAHJH,0,0
ID_8L41EZ,0,0
ID_8AGYZ3,0,0
ID_QSJBAR,0,0
ID_ZCCE8N,0,0
ID_RFEN43,0,0
ID_OL80FR,0,0
ID_PUR88G,0,0
ID_JTZQOE,0,0
ID_F4B2AT,0,0
ID_T3SDRB,0,0
ID_XWQZJJ,0,0
ID_PQD8N6,0,0
ID_I5LGEJ,0,0
ID_9BQQN6,0,0
ID_GTEHJP,0,0
ID_1DY0BT,0,0
ID_D1A2P4,0,0
ID_4V0KGV,0,0
ID_GN9B4Z,0,0
ID_JHSFR2,0,0
ID_LPK2D3,0,0
ID_J0HD35,0,0
ID_3HKKB3,0,0
ID_V1VJMU,0,0
ID_X4QAB7,0,0
ID_PK537C,0,0
ID_MUU1Y7,0,0
ID_BTHC0V,0,0
ID_V19CPV,0,0
ID_CA5BXC,0,0
ID_Z2VQYL,0,0
ID_QMMV34,0,0
ID_75YWZQ,0,0
ID_IQ5H9I,0,0
ID_J76AMN,0,0
ID_BI5GSO,0,0
ID_8JS4RH,0,0
ID_B1JVEX,0,0
ID_THHK51,0,0
ID_PIM9AX,0,0
ID_BEHAQ7,0,0
ID_U0V5F3,0,0
ID_9IVRUG,0,0
ID_DFCKKD,0,0
ID_A466UY,0,0
ID_3LQN29,0,0
ID_2FU6JG,0,0
ID_2TVHVE,0,0
ID_55U78M,0,0
ID_JMAIDY,0,0
ID_106JGF,0,0
ID_2KA2LP,0,0
ID_REZ31T,0,0
ID_BVRAHU,0,0
ID_WSTG27,0,0
ID_JFDJCL,0,0
ID_3780SF,0,0
ID_UNSMO3,0,0
ID_936TPM,0,0
ID_QU4DGD,0,0
ID_HAODGE,0,0
ID_MCVPKV,0,0
ID_8XQDAU,0,0
ID_MHVREE,0,0
ID_R066U6,0,0
ID_ZYD1XI,0,0
ID_FKAS0J,0,0
ID_T30DIC,0,0
ID_8E7EOI,0,0
ID_4LV0RD,0,0
ID_0PF4OY,0,0
ID_NE9QJY,0,0
ID_17N2OT,0,0
ID_BAXHMA,0,0
ID_HUAYFY,0,0
ID_VG4VMY,0,0
ID_VJB6ME,0,0
ID_AUFJVM,0,0
ID_DEI5OH,0,0
ID_IDDX7J,0,0
ID_W46V9S,0,0
ID_3Q66WT,0,0
ID_Q09J2S,0,0
ID_5JU4AB,0,0
ID_0H1IYZ,0,0
ID_WOJOI6,0,0
ID_YTGIDC,0,0
ID_8BZRQ5,0,0
ID_PGBFLY,0,0
ID_1XYD2M,0,0
ID_LFJW05,0,0
ID_N27NKC,0,0
ID_MDCJ9Q,0,0
ID_XMDGSW,0,0
ID_MY2L86,0,0
ID_PZCH0K,0,0
ID_S45YFB,0,0
ID_4GD3Z9,0,0
ID_63PGCC,0,0
ID_R50YQR,0,0
ID_J0MZ5S,0,0
ID_SDITIL,0,0
ID_KV4AB3,0,0
ID_SAP50J,0,0
ID_JV15YS,0,0
ID_HITQBZ,0,0
ID_3K3XMV,0,0
ID_QX1R1C,0,0
ID_LD9M5V,0,0
ID_5S96EJ,0,0
ID_7L58BX,0,0
ID_OK3Q3N,0,0
ID_G0PE6V,0,0
ID_TP27E8,0,0
ID_44W0J2,0,0
ID_Q8WTNW,0,0
ID_85EGV8,0,0
ID_BISVXR,0,0
ID_ORIEKK,0,0
ID_YM6XSS,0,0
ID_PDRMFG,0,0
ID_APY3C0,0,0
ID_CAPCXP,0,0
ID_6XSF2Y,0,0
ID_WHPBG7,0,0
ID_SBC4RR,0,0
ID_UC01MO,0,0
ID_ZFPSOZ,0,0
ID_0AYIIY,0,0
ID_GD8TWV,0,0
ID_7ZA958,0,0
ID_CB8G9H,0,0
ID_TH5AVA,0,0
ID_LRVENA,0,0
ID_4ZC2VR,0,0
ID_T1VEVO,0,0
ID_LYUWC8,0,0
ID_VQSEF9,0,0
ID_9E3HTV,0,0
ID_9GX8ZX,0,0
ID_R0WGHQ,0,0
ID_QVOIHS,0,0
ID_B8047G,0,0
ID_B37PAK,0,0
ID_OFLQX8,0,0
ID_WEP0JN,0,0
ID_8OL5ZM,0,0
ID_3BNRH5,0,0
ID_EJESRI,0,0
ID_K41KBT,0,0
ID_ZINP5N,0,0
ID_LZ3AGE,0,0
ID_A2AA3X,0,0
ID_DNPUDT,0,0
ID_QHNOS2,0,0
ID_NSBX1K,0,0
ID_6L8XJM,0,0
ID_R838LF,0,0
ID_OQH0LC,0,0
ID_ZXS8XI,0,0
ID_O03A0P,0,0
ID_0M6BQC,0,0
ID_NRJCBI,0,0
ID_K4SLTP,0,0
ID_82YT29,0,0
ID_JLNSAY,0,0
ID_ZTATE8,0,0
ID_08BIS7,0,0
ID_H3UPYG,0,0
ID_F5NR42,0,0
ID_TAKMVJ,0,0
ID_G9PLCB,0,0
ID_FXGFVG,0,0
ID_YIEEQI,0,0
ID_FFNPGZ,0,0
ID_KFJCBK,0,0
ID_YVCZHI,0,0
ID_9GKLER,0,0
ID_KQR0T7,0,0
ID_LTMFTR,0,0
ID_0I7W3E,0,0
ID_4QANZL,0,0
ID_URGGGY,0,0
ID_5ULRDN,0,0
ID_O2FGPX,0,0
ID_6XX82V,0,0
ID_822MAU,0,0
ID_8VF0T2,0,0
ID_52N0BQ,0,0
ID_653P5Y,0,0
ID_U74KAU,0,0
ID_N1TGVH,0,0
ID_9VQNGO,0,0
ID_759XBX,0,0
ID_JQTRU0,0,0
ID_7FCR76,0,0
ID_2X81ZU,0,0
ID_DC97LK,0,0
ID_MJNV3M,0,0
ID_187FTO,0,0
ID_Z5O6U4,0,0
ID_X1I5SZ,0,0
ID_72Y6FZ,0,0
ID_J326R1,0,0
ID_5F9GJS,0,0
ID_A3TNNA,0,0
ID_75D5BI,0,0
ID_C6Q4CF,0,0
ID_GU5Z9V,0,0
ID_NL0PS1,0,0
ID_KANX47,0,0
ID_M1Q7WA,0,0
ID_NKZFTL,0,0
ID_TT18P9,0,0
ID_KUA3AL,0,0
ID_TW4Z43,0,0
ID_UPGF5F,0,0
ID_7JJEOY,0,0
ID_AMFQV0,0,0
ID_X85K0E,0,0
ID_B9FSQZ,0,0
ID_KTGJWV,0,0
ID_HSH79E,0,0
ID_7I03OO,0,0
ID_2OTPYM,0,0
ID_5HITNH,0,0
ID_2WKC1F,0,0
ID_PJHLKR,0,0
ID_LYD7BA,0,0
ID_LI36OI,0,0
ID_PSN178,0,0
ID_XD3BXN,0,0
ID_WNUB83,0,0
ID_VTLPDM,0,0
ID_MD2PIN,0,0
ID_C4GVEA,0,0
ID_KXM5WF,0,0
ID_IXF8RK,0,0
ID_OAGVDQ,0,0
ID_6JG39K,0,0
ID_VTBUKQ,0,0
ID_WHZ02U,0,0
ID_XRLOXB,0,0
ID_65RXU7,0,0
ID_ZLS11E,0,0
ID_83KN5Y,0,0
ID_GI3R87,0,0
ID_6MNLAK,0,0
ID_222J09,0,0
ID_Q4958V,0,0
ID_SBBLEB,0,0
ID_WWURFX,0,0
ID_MIBY7E,0,0
ID_P13J30,0,0
ID_4I9ZTJ,0,0
ID_0CX5IK,0,0
ID_811K73,0,0
ID_KL2810,0,0
ID_4L8ZBR,0,0
ID_LDIZV8,0,0
ID_9M645N,0,0
ID_IPHJ1U,0,0
ID_8JHTKS,0,0
ID_QJAEK3,0,0
ID_LJ1336,0,0
ID_169LDX,0,0
ID_RG464A,0,0
ID_C4Y7ED,0,0
ID_Q267QE,0,0
ID_GQ6G0Q,0,0
ID_HAM797,0,0
ID_M5QVJF,0,0
ID_R1YFJN,0,0
ID_YOGKMJ,0,0
ID_9UZC7I,0,0
ID_OAXWNJ,0,0
ID_U4N27X,0,0
ID_LN85UV,0,0
ID_PKJAYL,0,0
ID_A3JNVZ,0,0
ID_T0Q7C7,0,0
ID_IPR3XC,0,0
ID_ZZNO1L,0,0
ID_14HH2O,0,0
ID_B03F15,0,0
ID_G4NFJH,0,0
ID_Y9XI6K,0,0
ID_8WH93Z,0,0
ID_96RQ0O,0,0
ID_FL5PB9,0,0
ID_Z10MNA,0,0
ID_FE3FBM,0,0
ID_M00YKG,0,0
ID_QBVCRB,0,0
ID_85WSEM,0,0
ID_L3671W,0,0
ID_3K2OH5,0,0
ID_XZITK9,0,0
ID_3YMA3T,0,0
ID_QATT38,0,0
ID_OYIO05,0,0
ID_MQ643W,0,0
ID_XP92CR,0,0
ID_X9T1UI,0,0
ID_MK6H82,0,0
ID_D1KASF,0,0
ID_NXIONN,0,0
ID_2LXHS2,0,0
ID_QTVYV3,0,0
ID_HZTMHU,0,0
ID_W32F52,0,0
ID_4VK6QB,0,0
ID_DK8458,0,0
ID_TQGB5A,0,0
ID_Z3HRNP,0,0
ID_Y3FT7S,0,0
ID_YB2KRK,0,0
ID_PYXURU,0,0
ID_1KGL3I,0,0
ID_H5E8OK,0,0
ID_5MUHD3,0,0
ID_FG76MJ,0,0
ID_BIWKMR,0,0
ID_TXMOL9,0,0
ID_9JV8KB,0,0
ID_2NUP1M,0,0
ID_75DXW2,0,0
ID_JL43EC,0,0
ID_N37YD1,0,0
ID_3ILKKO,0,0
ID_DWKUZA,0,0
ID_69XHLK,0,0
ID_W7YNJH,0,0
ID_UUYFAR,0,0
ID_FNH0IQ,0,0
ID_1G24LW,0,0
ID_5N88ZV,0,0
ID_88C8XG,0,0
ID_B0MY0S,0,0
ID_4FS0AQ,0,0
ID_BB9HOK,0,0
ID_E1G6OW,0,0
ID_Z7248R,0,0
ID_JSREAR,0,0
ID_W4URCG,0,0
ID_A12LUK,0,0
ID_XTB4LF,0,0
ID_YP7QX5,0,0
ID_RLT48A,0,0
ID_RAM3OW,0,0
ID_Q00XTL,0,0
ID_6NTJFI,0,0
ID_CJX973,0,0
ID_VF8RBX,0,0
ID_9MTLD3,0,0
ID_Z4KTSB,0,0
ID_DWP9CW,0,0
ID_YD9W3O,0,0
ID_OV0NFI,0,0
ID_A8GPRC,0,0
ID_2AA191,0,0
ID_I65EVE,0,0
ID_5YDVWM,0,0
ID_H8RTHV,0,0
ID_RGT6WS,0,0
ID_FAC74U,0,0
ID_RWIOGY,0,0
ID_AI5ORN,0,0
ID_NLJ05F,0,0
ID_ZSILO6,0,0
ID_0CK6E4,0,0
ID_7R9URU,0,0
ID_WJTKG9,0,0
ID_QPKI4I,0,0
ID_OYOHJ1,0,0
ID_QIJGCW,0,0
ID_5HENQR,0,0
ID_2QQ4XM,0,0
ID_KIBV31,0,0
ID_Z006UT,0,0
ID_EFS4B3,0,0
ID_3JDAYA,0,0
ID_KMVV2A,0,0
ID_JUIBDR,0,0
ID_GLIBNR,0,0
ID_VQGVCD,0,0
ID_O90HMB,0,0
ID_X8H69P,0,0
ID_M6WH6U,0,0
ID_O0PI3L,0,0
ID_2BB58C,0,0
ID_SN4X7F,0,0
ID_5V3HT2,0,0
ID_3343D3,0,0
ID_RSHNXD,0,0
ID_ODQDJ8,0,0
ID_I0I696,0,0
ID_64HGBC,0,0
ID_NP7KXU,0,0
ID_6JQM04,0,0
ID_U3PN6O,0,0
ID_PZ3IUR,0,0
ID_OSOBHJ,0,0
ID_57G7LO,0,0
ID_DOXRSZ,0,0
ID_ZRWJ7X,0,0
ID_JSCACD,0,0
ID_VVJTS0,0,0
ID_M5QM6H,0,0
ID_NIW1C1,0,0
ID_QBJOWQ,0,0
ID_I4YXMM,0,0
ID_R87XMS,0,0
ID_BCB85S,0,0
ID_NHQQTQ,0,0
ID_6Q4T7X,0,0
ID_F6F4DV,0,0
ID_XFY3GV,0,0
ID_3EU2RP,0,0
ID_Q37M8C,0,0
ID_4WQMKJ,0,0
ID_AJIE1W,0,0
ID_NW9LH6,0,0
ID_SK8H37,0,0
ID_02Q3TV,0,0
ID_QB3LZX,0,0
ID_5Q368E,0,0
ID_8ZBE5P,0,0
ID_EL0784,0,0
ID_RSXW0A,0,0
ID_UAS353,0,0
ID_9792CI,0,0
ID_CMLNHJ,0,0
ID_IKTXFR,0,0
ID_KKHAMD,0,0
ID_9OF7ZF,0,0
ID_ZJ9LOD,0,0
ID_ZHMN11,0,0
ID_BQ6O1C,0,0
ID_2LIOND,0,0
ID_LGZ8V8,0,0
ID_FPHUVF,0,0
ID_JKQBZ1,0,0
ID_1E7BS0,0,0
ID_I49WB1,0,0
ID_AOZXL0,0,0
ID_I10SKX,0,0
ID_EWDSPT,0,0
ID_5FYQQW,0,0
ID_83JNHX,0,0
ID_69QEDA,0,0
ID_PWTYZA,0,0
ID_N0R20F,0,0
ID_7D956J,0,0
ID_OMIBH4,0,0
ID_3ASBEJ,0,0
ID_MMO3M2,0,0
ID_8UMBQQ,0,0
ID_JY972B,0,0
ID_QAQDMI,0,0
ID_7RGAFB,0,0
ID_J43PB6,0,0
ID_XYPB75,0,0
ID_7273DL,0,0
ID_IZSA3U,0,0
ID_BY6ATP,0,0
ID_NJOZ54,0,0
ID_JT8P3Y,0,0
ID_S5KO7Y,0,0
ID_IJ44OU,0,0
ID_BA90UM,0,0
ID_T1JYW6,0,0
ID_X5JJV6,0,0
ID_BZCTC8,0,0
ID_6AYFUN,0,0
ID_81U21K,0,0
ID_ET9128,0,0
ID_9KQT2F,0,0
ID_2MPA35,0,0
ID_13AB5G,0,0
ID_ALB4BG,0,0
ID_T0H7P4,0,0
ID_SXI9FX,0,0
ID_H8H6EP,0,0
ID_B1B9CA,0,0
ID_BFJ8L2,0,0
ID_EMA0MO,0,0
ID_GQT2WQ,0,0
ID_IBRRVL,0,0
ID_61Z07A,0,0
ID_FC6PT4,0,0
ID_LV7EO9,0,0
ID_62AMSU,0,0
ID_MTQ61R,0,0
ID_ZG0B24,0,0
ID_QYEX42,0,0
ID_6RSORN,0,0
ID_CIJ8ZW,0,0
ID_VUIB2C,0,0
ID_9RJE20,0,0
ID_CIJSQD,0,0
ID_KXWPWS,0,0
ID_0NN193,0,0
ID_Q70VXQ,0,0
ID_CXJ175,0,0
ID_22SQD0,0,0
ID_IRX9VF,0,0
ID_JOY4NQ,0,0
ID_9XNP45,0,0
ID_BNCMPN,0,0
ID_KLSNO4,0,0
ID_A98SCT,0,0
ID_DTHKHJ,0,0
ID_KJGJ17,0,0
ID_XQ8WI0,0,0
ID_UPSHIL,0,0
ID_1Z3SB1,0,0
ID_VW6PAO,0,0
ID_2G3B8J,0,0
ID_7BGZAK,0,0
ID_YFC9JF,0,0
ID_GL89CJ,0,0
ID_QH6D23,0,0
ID_7VWSKS,0,0
ID_IQE5E3,0,0
ID_LBMX43,0,0
ID_S2OIYB,0,0
ID_9MQK7T,0,0
ID_UBO52X,0,0
ID_UPHU97,0,0
ID_M5IFZC,0,0
ID_0LA5JH,0,0
ID_I142VH,0,0
ID_9AY2NT,0,0
ID_IQZY93,0,0
ID_AXNZE1,0,0
ID_DM91PJ,0,0
ID_BW7PBS,0,0
ID_AJO42W,0,0
ID_PE2PQU,0,0
ID_GI3FSR,0,0
ID_VLCJAV,0,0
ID_QU0RRR,0,0
ID_QD1FFN,0,0
ID_7W0SQ8,0,0
ID_OS0Q60,0,0
ID_2TPDAV,0,0
ID_P7J51L,0,0
ID_2KNEN5,0,0
ID_QMP96W,0,0
ID_A1FIKR,0,0
ID_QEP062,0,0
ID_IVOUMJ,0,0
ID_MG75ZW,0,0
ID_RC7W8R,0,0
ID_HAX1O9,0,0
ID_V589W3,0,0
ID_JIXN99,0,0
ID_9P9M59,0,0
ID_WAYRB7,0,0
ID_PZHX4E,0,0
ID_YVBNXX,0,0
ID_1IWTHT,0,0
ID_TZZJTM,0,0
ID_HTRG3R,0,0
ID_Y4Y2ZR,0,0
ID_CT8J22,0,0
ID_JU3Q0L,0,0
ID_93J9FI,0,0
ID_B5HL6T,0,0
ID_YSD4DB,0,0
ID_H1WX8C,0,0
ID_G40IBV,0,0
ID_OIA9O5,0,0
ID_0JXXBP,0,0
ID_WOUF52,0,0
ID_561HVO,0,0
ID_EXGR1Q,0,0
ID_5D91SQ,0,0
ID_EPGW27,0,0
ID_KVDRSL,0,0
ID_2I2LU6,0,0
ID_VRYUU6,0,0
ID_1MLI4B,0,0
ID_7WG194,0,0
ID_I9O224,0,0
ID_28389Z,0,0
ID_K6KY0A,0,0
ID_JIHE96,0,0
ID_HQ71L9,0,0
ID_4RX6QR,0,0
ID_0P3TWE,0,0
ID_ZH7925,0,0
ID_GKQTE3,0,0
ID_9E37P1,0,0
ID_7VCX1R,0,0
ID_SP69VM,0,0
ID_QEFW0D,0,0
ID_XN6QQD,0,0
ID_WQI22P,0,0
ID_7OYHPW,0,0
ID_BCH4M3,0,0
ID_UAHCFU,0,0
ID_LFX2BG,0,0
ID_JSUS5M,0,0
ID_ADJFG7,0,0
ID_Z97E31,0,0
ID_PIEPPW,0,0
ID_202JT6,0,0
ID_EYK33V,0,0
ID_0YDT6I,0,0
ID_WZA395,0,0
ID_QIXT8G,0,0
ID_QC0E55,0,0
ID_LBEMC0,0,0
ID_903ZTY,0,0
ID_M0BI8J,0,0
ID_AVAFYN,0,0
ID_IHLK2X,0,0
ID_HCYUS8,0,0
ID_FHYMCU,0,0
ID_0MM2FJ,0,0
ID_HX0PYR,0,0
ID_JV4L71,0,0
ID_U13AEV,0,0
ID_5Q7T39,0,0
ID_UVOZBW,0,0
ID_2B1HJX,0,0
ID_507TYX,0,0
ID_1W40DC,0,0
ID_CR9JP8,0,0
ID_G461K7,0,0
ID_8K6265,0,0
ID_XLHRI5,0,0
ID_HUXXHQ,0,0
ID_PLRZL1,0,0
ID_QQNHY0,0,0
ID_Y1O9GV,0,0
ID_EIJZ4E,0,0
ID_152GBM,0,0
ID_QXWHZA,0,0
ID_PSYPLA,0,0
ID_87VGAF,0,0
ID_TH1K3S,0,0
ID_OES10B,0,0
ID_7STEXP,0,0
ID_F8JCV5,0,0
ID_954NWB,0,0
ID_XR59T4,0,0
ID_G1BE7S,0,0
ID_XS56UD,0,0
ID_BOWCBW,0,0
ID_J0CKBD,0,0
ID_PU7RB8,0,0
ID_LNIMDL,0,0
ID_JROWBQ,0,0
ID_A8JPUZ,0,0
ID_Y1090A,0,0
ID_TWFJJB,0,0
ID_TLACSH,0,0
ID_E4Z14C,0,0
ID_2PBJR2,0,0
ID_8MKCHZ,0,0
ID_W8JHHV,0,0
ID_5A0LRT,0,0
ID_L2N2B6,0,0
ID_B3CLHT,0,0
ID_J6GWHQ,0,0
ID_EAHRSR,0,0
ID_NG1YIB,0,0
ID_61B6Y8,0,0
ID_9OPNTU,0,0
ID_2YTAQ3,0,0
ID_FH45J3,0,0
ID_R2KSIC,0,0
ID_95I0WB,0,0
ID_E0PBC8,0,0
ID_NARPDF,0,0
ID_YO3O5I,0,0
ID_EBE1XT,0,0
ID_UXP39S,0,0
ID_UY8RGI,0,0
ID_0EJ258,0,0
ID_5Y65EN,0,0
ID_WD1NND,0,0
ID_ZPGRKT,0,0
ID_VET290,0,0
ID_UXKMTB,0,0
ID_E6G3Y5,0,0
ID_LN7LN5,0,0
ID_R4TZ6T,0,0
ID_94L27T,0,0
ID_RIP8M9,0,0
ID_GPH2AM,0,0
ID_CQXLXN,0,0
ID_99NA1M,0,0
ID_VM9NLE,0,0
ID_DBZZWC,0,0
ID_XFP8QE,0,0
ID_UU8K81,0,0
ID_UX70GM,0,0
ID_12K3DC,0,0
ID_B9ILD3,0,0
ID_KQLDNB,0,0
ID_4M3DYS,0,0
ID_0D36MQ,0,0
ID_FU3YXW,0,0
ID_SZTA8P,0,0
ID_YJ4UDX,0,0
ID_UZVN1C,0,0
ID_4KSWE5,0,0
ID_HAHUXM,0,0
ID_1OPVZW,0,0
ID_Z8WYQX,0,0
ID_70PZQ3,0,0
ID_P79N1G,0,0
ID_S8954P,0,0
ID_WKIICN,0,0
ID_8L8S5J,0,0
ID_ORQPRK,0,0
ID_1E185V,0,0
ID_F8UF44,0,0
ID_PA0DVQ,0,0
ID_CEHYNY,0,0
ID_B6QUCX,0,0
ID_JUXPHH,0,0
ID_544H6A,0,0
ID_4ENZOE,0,0
ID_C3T4X6,0,0
ID_KEPPOK,0,0
ID_TKAP6E,0,0
ID_LEWZE5,0,0
ID_DCGAFH,0,0
ID_49KW1U,0,0
ID_FKNOL1,0,0
ID_HMHGK1,0,0
ID_LME0RF,0,0
ID_NO0F28,0,0
ID_Q2APDZ,0,0
ID_7S45KK,0,0
ID_Q34NE2,0,0
ID_5KIHA7,0,0
ID_MYL950,0,0
ID_GCTN11,0,0
ID_99LCKM,0,0
ID_1ILBHX,0,0
ID_WIKTP2,0,0
ID_0T08DJ,0,0
ID_51K17V,0,0
ID_9UIB0B,0,0
ID_LUX93K,0,0
ID_YT577F,0,0
ID_I8DWJ9,0,0
ID_Y2STXP,0,0
ID_G9WLOS,0,0
ID_RSU5OI,0,0
ID_XLGCQG,0,0
ID_1KN47J,0,0
ID_DCMYHS,0,0
ID_V2FINI,0,0
ID_L1168E,0,0
ID_HC49Q1,0,0
ID_0WO5KW,0,0
ID_JI7QGJ,0,0
ID_I4IYSO,0,0
ID_VHUJ4A,0,0
ID_MDWP9L,0,0
ID_MRAZR2,0,0
ID_3ZOSQ3,0,0
ID_PN1Y9O,0,0
ID_FEGK2B,0,0
ID_A2OS1O,0,0
ID_57IMKD,0,0
ID_HGPZYN,0,0
ID_TQQDTH,0,0
ID_5WMCVZ,0,0
ID_TKTBIW,0,0
ID_PHI3WS,0,0
ID_F5DUMW,0,0
ID_DEP0FB,0,0
ID_7XVW6D,0,0
ID_YFF37J,0,0
ID_U9GFN6,0,0
ID_RSGPPZ,0,0
ID_EJ4SB8,0,0
ID_SY9742,0,0
ID_UE7SZJ,0,0
ID_BIED7A,0,0
ID_K72P4Y,0,0
ID_NB0D5D,0,0
ID_CMWY0L,0,0
ID_SG4Q5Y,0,0
ID_U8AA4A,0,0
ID_7BJE2G,0,0
ID_FZIWTW,0,0
ID_PVXQFV,0,0
ID_3ZWQU7,0,0
ID_HWTMT8,0,0
ID_ESSJB2,0,0
ID_P8STNH,0,0
ID_NARXPV,0,0
ID_C9DOB1,0,0
ID_UEOGDG,0,0
ID_GE299C,0,0
ID_DYZU7R,0,0
ID_XFI3B0,0,0
ID_LPTO31,0,0
ID_NU14NG,0,0
ID_8AV2KF,0,0
ID_HYQMCV,0,0
ID_O8T1A3,0,0
ID_JDSA4H,0,0
ID_H27IXG,0,0
ID_0M7YDV,0,0
ID_TV1JMA,0,0
ID_9QK1NT,0,0
ID_SNZBLF,0,0
ID_M6KDOW,0,0
ID_IX95TY,0,0
ID_SWDK54,0,0
ID_3AKG19,0,0
ID_D6P9N1,0,0
ID_HBX9OS,0,0
ID_QWUU28,0,0
ID_SV3X37,0,0
ID_8BALA5,0,0
ID_CTBTJ7,0,0
ID_ANX4OK,0,0
ID_Q85ZT2,0,0
ID_NJS246,0,0
ID_E90GMT,0,0
ID_6QIBJQ,0,0
ID_ANGQ4K,0,0
ID_RGEY3W,0,0
ID_4UL1GE,0,0
ID_JKQN1F,0,0
ID_8XEOO6,0,0
ID_G2S4XC,0,0
ID_JWDS0V,0,0
ID_DM4XYV,0,0
ID_XMNZF1,0,0
ID_J8HE6I,0,0
ID_I4NMWL,0,0
ID_YBDI29,0,0
ID_XGTXV1,0,0
ID_AEVGX7,0,0
ID_EWPIBC,0,0
ID_MG3CLL,0,0
ID_299PZG,0,0
ID_QCVGZQ,0,0
ID_DFMUPE,0,0
ID_GNC9IJ,0,0
ID_OZZ3KZ,0,0
ID_OMNBHW,0,0
ID_24QSDZ,0,0
ID_ZDZTEK,0,0
ID_2QIFBY,0,0
ID_RHTZF9,0,0
ID_B0OQY0,0,0
ID_QPX2DI,0,0
ID_VEAQEF,0,0
ID_NFVHCB,0,0
ID_4CWAVG,0,0
ID_OS5LKW,0,0
ID_RJM7XY,0,0
ID_GTYVWG,0,0
ID_1LWGGM,0,0
ID_ZEJR33,0,0
ID_YQ7B4W,0,0
ID_C6FRMO,0,0
ID_5A32Y7,0,0
ID_VZJ9FI,0,0
ID_L2TO1V,0,0
ID_Q6S244,0,0
ID_HRPXP4,0,0
ID_YML5VB,0,0
ID_X8VV5W,0,0
ID_2MSW4V,0,0
ID_5TQ5IC,0,0
ID_O8IEGD,0,0
ID_LAUYCD,0,0
ID_BTS5TS,0,0
ID_FAAJVO,0,0
ID_IIX4QZ,0,0
ID_P4H8TN,0,0
ID_7GHKHP,0,0
ID_QFJK8O,0,0
ID_44ZSU9,0,0
ID_4X9UIC,0,0
ID_I37WTT,0,0
ID_O6AO5H,0,0
ID_RYVWEX,0,0
ID_M0JJXJ,0,0
ID_3YBAEC,0,0
ID_H75DZX,0,0
ID_QWHD4S,0,0
ID_NRM2BS,0,0
ID_D17S4G,0,0
ID_8TI5FD,0,0
ID_TCTR66,0,0
ID_29DIT1,0,0
ID_LS7TUW,0,0
ID_GO54RY,0,0
ID_CRABNH,0,0
ID_24T71F,0,0
ID_3ZCVW3,0,0
ID_RSNZTF,0,0
ID_S8GL26,0,0
ID_ULJN8R,0,0
ID_X15XHE,0,0
ID_GYCTWI,0,0
ID_YH143K,0,0
ID_RCI3SE,0,0
ID_IKRM0K,0,0
ID_PPPIJH,0,0
ID_Q3OYQW,0,0
ID_P9QMEI,0,0
ID_YHTH5M,0,0
ID_8F8KSB,0,0
ID_OE2XUM,0,0
ID_PT5VOW,0,0
ID_2KN9CD,0,0
ID_M2FRMX,0,0
ID_USEILA,0,0
ID_Y1IWUB,0,0
ID_V2J4II,0,0
ID_HTD13Z,0,0
ID_S95CEE,0,0
ID_NEGC5P,0,0
ID_TSYASB,0,0
ID_2NVL0X,0,0
ID_XBLCIA,0,0
ID_0X2CMY,0,0
ID_9TFE3B,0,0
ID_AZ6T33,0,0
ID_HQWUG3,0,0
ID_EQPC18,0,0
ID_91G3B1,0,0
ID_GRKYJ8,0,0
ID_CZBOTJ,0,0
ID_HAQN8W,0,0
ID_GPMMRY,0,0
ID_7S410J,0,0
ID_MVU4XF,0,0
ID_U3SSNC,0,0
ID_TVWV8Z,0,0
ID_ERL3Z6,0,0
ID_5JJDV9,0,0
ID_8P9E6Y,0,0
ID_51RVZF,0,0
ID_ABT1KU,0,0
ID_AB54QZ,0,0
ID_99HZKQ,0,0
ID_5JURCG,0,0
ID_BRTTHV,0,0
ID_Q6W85N,0,0
ID_POQH4F,0,0
ID_UQDRKE,0,0
ID_SBYUFC,0,0
ID_BKMLK4,0,0
ID_6X1Y4T,0,0
ID_PJB1MX,0,0
ID_371REY,0,0
ID_S5E3R5,0,0
ID_6M7WS1,0,0
ID_PXCCJC,0,0
ID_BVAJ16,0,0
ID_BO8O7J,0,0
ID_634JS2,0,0
ID_YKG7AS,0,0
ID_474WHB,0,0
ID_2DWW1R,0,0
ID_1ACY7U,0,0
ID_F5IHG7,0,0
ID_PVS5CR,0,0
ID_VVW0X7,0,0
ID_7BWGKA,0,0
ID_XWRR06,0,0
ID_3N06VE,0,0
ID_5WVV17,0,0
ID_9IGL6G,0,0
ID_B0NJEW,0,0
ID_9ETVRY,0,0
ID_B9E1PR,0,0
ID_S9ACJ6,0,0
ID_4N7ZKK,0,0
ID_TVLC36,0,0
ID_ZFTWUD,0,0
ID_VPO31J,0,0
ID_KICXC7,0,0
ID_SP5B8M,0,0
ID_CTAPG3,0,0
ID_883VNL,0,0
ID_TDFVY7,0,0
ID_KMLO0D,0,0
ID_0IP3X8,0,0
ID_VS3644,0,0
ID_OWHXHP,0,0
ID_5Q6DMN,0,0
ID_7UOR9Y,0,0
ID_06EOQX,0,0
ID_BPJUV5,0,0
ID_CQXF4X,0,0
ID_MGPAON,0,0
ID_09WPJ8,0,0
ID_R1PEVE,0,0
ID_216MCZ,0,0
ID_MD5ZPN,0,0
ID_K0OH29,0,0
ID_VGAEA4,0,0
ID_XK7MSB,0,0
ID_SX09M3,0,0
ID_A2OYZO,0,0
ID_6SAYD0,0,0
ID_GLL20T,0,0
ID_AQWJQ8,0,0
ID_UGRYR4,0,0
ID_GL6Y05,0,0
ID_KSWWVL,0,0
ID_VY891V,0,0
ID_Y9XYIU,0,0
ID_T8WEWP,0,0
ID_DO9ENX,0,0
ID_6SB0T0,0,0
ID_YZND3K,0,0
ID_EYBUBA,0,0
ID_U5TTW3,0,0
ID_O4T7XI,0,0
ID_BN6HBQ,0,0
ID_KTMCGC,0,0
ID_ZLB5V2,0,0
ID_HF7D2K,0,0
ID_6Y9H6L,0,0
ID_V54S0J,0,0
ID_CPX8NB,0,0
ID_9T3I83,0,0
ID_T7MQR1,0,0
ID_0UIDX3,0,0
ID_FGDS0S,0,0
ID_B3WIVB,0,0
ID_59F16A,0,0
ID_CHCG7T,0,0
ID_Z5EDTR,0,0
ID_KNPLH5,0,0
ID_IW602E,0,0
ID_VDPNWB,0,0
ID_0D6TXJ,0,0
ID_MD7JYC,0,0
ID_79ENQS,0,0
ID_2SPZOT,0,0
ID_BY8RT5,0,0
ID_AEX79K,0,0
ID_JWMPCA,0,0
ID_Q0CJST,0,0
ID_N0IJQ8,0,0
ID_ZJMWLB,0,0
ID_DM73MV,0,0
ID_X2PZ2Q,0,0
ID_0J9DYC,0,0
ID_EFN11B,0,0
ID_KGOD9P,0,0
ID_H65OBN,0,0
ID_1VI1A3,0,0
ID_4ZI6F4,0,0
ID_0PZ6HM,0,0
ID_IRDK2X,0,0
ID_PI1A6C,0,0
ID_8MXIHN,0,0
ID_KJ0K3E,0,0
ID_87A8DC,0,0
ID_I7P4VM,0,0
ID_9JZUA9,0,0
ID_0VCCL9,0,0
ID_D1HODK,0,0
ID_0GDAMU,0,0
ID_4ABJA7,0,0
ID_ALQFC4,0,0
ID_BJ5APP,0,0
ID_8JZN1K,0,0
ID_QZQ8AD,0,0
ID_7YLYXZ,0,0
ID_09L4H0,0,0
ID_7GNVE2,0,0
ID_7OXITM,0,0
ID_Y8AKDX,0,0
ID_L6YW2B,0,0
ID_JC88Y4,0,0
ID_2DWLUR,0,0
ID_S88U88,0,0
ID_9HH0FD,0,0
ID_PURNRS,0,0
ID_HOO9VM,0,0
ID_NSMUO0,0,0
ID_RB1XD6,0,0
ID_B0HGVU,0,0
ID_VSE1LH,0,0
ID_YZGEHT,0,0
ID_QWRR45,0,0
ID_HBAFTD,0,0
ID_1OD9OJ,0,0
ID_ODLH6N,0,0
ID_INHK75,0,0
ID_ERNXJX,0,0
ID_P2GHXR,0,0
ID_KS39CG,0,0
ID_92KXXP,0,0
ID_VIS66Q,0,0
ID_9J88VX,0,0
ID_E82MDP,0,0
ID_HZOS04,0,0
ID_DFB7N4,0,0
ID_G6GQND,0,0
ID_RUWPRT,0,0
ID_Z0AKCV,0,0
ID_KQLDK2,0,0
ID_PN7XYJ,0,0
ID_AIIV1N,0,0
ID_TBBVV7,0,0
ID_Q7LI2S,0,0
ID_AND1BT,0,0
ID_57MADF,0,0
ID_2SE7ML,0,0
ID_19ZQHE,0,0
ID_LY0A4M,0,0
ID_EFKARA,0,0
ID_W05F63,0,0
ID_DFMPIM,0,0
ID_2A4KXY,0,0
ID_ZNOHH1,0,0
ID_OLCVM4,0,0
ID_6GVXGK,0,0
ID_ZCVWKG,0,0
ID_1H3QP4,0,0
ID_X6ADDB,0,0
ID_BVL2MV,0,0
ID_CTMBFB,0,0
ID_FT3HWA,0,0
ID_K39NG7,0,0
ID_GK2Y40,0,0
ID_MWEVAQ,0,0
ID_GM46TE,0,0
ID_YUIHVO,0,0
ID_049Z51,0,0
ID_IZMSBM,0,0
ID_IZXB47,0,0
ID_SMDB05,0,0
ID_J0XZ30,0,0
ID_NG9KFL,0,0
ID_X3UH5T,0,0
ID_MTJKPR,0,0
ID_3XXPSW,0,0
ID_QFEEQA,0,0
ID_Q05VTD,0,0
ID_GTLVYT,0,0
ID_YVAJAI,0,0
ID_L40WNI,0,0
ID_QJ9UTK,0,0
ID_ZTVNNO,0,0
ID_UPWEA6,0,0
ID_RTAO0L,0,0
ID_KDPP4D,0,0
ID_Z5NSM0,0,0
ID_U22RU8,0,0
ID_VHDGBI,0,0
ID_MR98N2,0,0
ID_8F1719,0,0
ID_GZE1C3,0,0
ID_N8F24V,0,0
ID_3AH30S,0,0
ID_M7QMLX,0,0
ID_BPEWZL,0,0
ID_MPUMYS,0,0
ID_EYE015,0,0
ID_Z4WZ72,0,0
ID_8C15X9,0,0
ID_QPUX99,0,0
ID_QCBDGY,0,0
ID_WRLCXY,0,0
ID_X3P4TO,0,0
ID_1PSUXG,0,0
ID_U0VPR9,0,0
ID_TP6N7S,0,0
ID_WNADY2,0,0
ID_D4NVJQ,0,0
ID_TLR3U1,0,0
ID_EOTYXO,0,0
ID_7AXBDX,0,0
ID_UWQQ6C,0,0
ID_M4NRI3,0,0
ID_DUZ95G,0,0
ID_YTM8JA,0,0
ID_LUXYXY,0,0
ID_9SSFYX,0,0
ID_8AD8OY,0,0
ID_U239DN,0,0
ID_SC6PWC,0,0
ID_67DZKP,0,0
ID_4IXTRC,0,0
ID_98ZE2D,0,0
ID_442EGK,0,0
ID_TUEEQ5,0,0
ID_556OOQ,0,0
ID_SBOWJY,0,0
ID_G0Y3E6,0,0
ID_T0K1NT,0,0
ID_TW5DOA,0,0
ID_PW3POM,0,0
ID_OG86T4,0,0
ID_WHABNN,0,0
ID_LMPWKS,0,0
ID_5H5JWI,0,0
ID_BMZF5W,0,0
ID_8KZSFL,0,0
ID_CKV954,0,0
ID_S5ALWS,0,0
ID_6OI1PK,0,0
ID_F2OXMD,0,0
ID_45BD6B,0,0
ID_ASM3MP,0,0
ID_82TCWJ,0,0
ID_R1FZXX,0,0
ID_55CHKW,0,0
ID_X8B25G,0,0
ID_GGYAHT,0,0
ID_HVAP5O,0,0
ID_R68Q94,0,0
ID_F0SSUI,0,0
ID_Z646F4,0,0
ID_B1T56B,0,0
ID_1ZHN0M,0,0
ID_7WLV7X,0,0
ID_FDVKSF,0,0
ID_645KZ2,0,0
ID_KTXCZP,0,0
ID_XYMFEJ,0,0
ID_ABD9H5,0,0
ID_1DUOIQ,0,0
ID_I2SAD8,0,0
ID_K9SU93,0,0
ID_9ERZT3,0,0
ID_4QKVH5,0,0
ID_H5FPHR,0,0
ID_6DE36S,0,0
ID_YA22IA,0,0
ID_5D66QA,0,0
ID_W9NPA9,0,0
ID_DM1O6Y,0,0
ID_W0RU49,0,0
ID_HMBE5V,0,0
ID_W1DY18,0,0
ID_E0EO15,0,0
ID_XL1PZH,0,0
ID_RSFC5Y,0,0
ID_EZ4TEP,0,0
ID_7Y68E2,0,0
ID_R6403M,0,0
ID_SYHLRK,0,0
ID_SEUMPX,0,0
ID_RMVCJS,0,0
ID_YINQOM,0,0
ID_0Y1WHO,0,0
ID_Q4Y7DH,0,0
ID_V9L9V8,0,0
ID_YN45D8,0,0
ID_F936EZ,0,0
ID_ZGMC7U,0,0
ID_J61T7X,0,0
ID_1Z7NHK,0,0
ID_EJAANZ,0,0
ID_MYYIJU,0,0
ID_YBBH3C,0,0
ID_I8C6IO,0,0
ID_HYI4QR,0,0
ID_W47A2J,0,0
ID_KG0KGE,0,0
ID_P53F8A,0,0
ID_TSHKZQ,0,0
ID_J9HE2F,0,0
ID_K75RO0,0,0
ID_MQVC73,0,0
ID_EC5EU1,0,0
ID_H3AA8Z,0,0
ID_GHO4TK,0,0
ID_TDMNA5,0,0
ID_CVPNU3,0,0
ID_R611EJ,0,0
ID_Z8D0VB,0,0
ID_JY4BO2,0,0
ID_J5S4F4,0,0
ID_WN4LK3,0,0
ID_9VRCT5,0,0
ID_PVPBXR,0,0
ID_PM86AV,0,0
ID_DWBYUR,0,0
ID_AFVF6I,0,0
ID_RO4YCP,0,0
ID_H0W8SL,0,0
ID_IHKKL3,0,0
ID_XUPGBB,0,0
ID_O6TGM6,0,0
ID_J483RR,0,0
ID_KNLFH7,0,0
ID_OWK77E,0,0
ID_PNRS9U,0,0
ID_ZEHTOK,0,0
ID_I0P41M,0,0
ID_KOAG80,0,0
ID_OCGDOQ,0,0
ID_DEAWIP,0,0
ID_RJ1O00,0,0
ID_Q4GB2P,0,0
ID_IFTWNX,0,0
ID_VDXIK9,0,0
ID_I539R0,0,0
ID_E135L9,0,0
ID_ASYLND,0,0
ID_DIJG1N,0,0
ID_ZZECYU,0,0
ID_WUWTAA,0,0
ID_YR3FRD,0,0
ID_8BVETA,0,0
ID_FPH6P1,0,0
ID_AM6ZVS,0,0
ID_OY5O8C,0,0
ID_7ZGLTJ,0,0
ID_5SEU4U,0,0
ID_VN5SHS,0,0
ID_VLXAI0,0,0
ID_J7JLCX,0,0
ID_WOS1JQ,0,0
ID_2IEFI7,0,0
ID_XXYXOK,0,0
ID_AVJDQB,0,0
ID_CISOW6,0,0
ID_HBYE94,0,0
ID_NRUZ8H,0,0
ID_H3YAWT,0,0
ID_QOCPST,0,0
ID_DSX63T,0,0
ID_GA8TQ7,0,0
ID_0HYY13,0,0
ID_OEVLJV,0,0
ID_VA9ZIV,0,0
ID_JV26LI,0,0
ID_YAK7KN,0,0
ID_9VYP08,0,0
ID_WSJCGO,0,0
ID_6VVDIN,0,0
ID_4MRNSO,0,0
ID_54M2YX,0,0
ID_EGG55R,0,0
ID_W5VM1N,0,0
ID_RF7ARS,0,0
ID_2P6MK4,0,0
ID_K4YFTX,0,0
ID_C4BOLA,0,0
ID_6MTRML,0,0
ID_9JKC5Z,0,0
ID_VFVLIT,0,0
ID_BV1OSY,0,0
ID_YZVAH6,0,0
ID_6Y938J,0,0
ID_UDKM28,0,0
ID_WHTNOA,0,0
ID_NO8VXV,0,0
ID_2VJ1V2,0,0
ID_2SJ4L9,0,0
ID_LD2IW5,0,0
ID_G5O5U1,0,0
ID_FDAR0W,0,0
ID_Y4N9WL,0,0
ID_H3EYIX,0,0
ID_4Q7HV8,0,0
ID_5MIEK9,0,0
ID_7SSV7R,0,0
ID_RIKIEG,0,0
ID_U0RG3Q,0,0
ID_Z9PNA3,0,0
ID_VMZKXJ,0,0
ID_ZA449Y,0,0
ID_JMDIEH,0,0
ID_1YUQN6,0,0
ID_WIKOOI,0,0
ID_TL94KY,0,0
ID_T8RK0M,0,0
ID_9QTR08,0,0
ID_PZVZ9L,0,0
ID_OW1G1D,0,0
ID_TYAUHN,0,0
ID_M3HJO8,0,0
ID_GN9GED,0,0
ID_2SFUFT,0,0
ID_IIXVD9,0,0
ID_7O9K84,0,0
ID_NU8C9H,0,0
ID_6UKXVY,0,0
ID_EDVVN6,0,0
ID_QDW6R8,0,0
ID_N002O9,0,0
ID_TFV1ME,0,0
ID_7Q3ZQE,0,0
ID_K0IMI4,0,0
ID_Y1MN3G,0,0
ID_X5QO3H,0,0
ID_58YY4D,0,0
ID_SY120F,0,0
ID_RFYOWE,0,0
ID_7L8KYA,0,0
ID_822PRV,0,0
ID_8GDU3K,0,0
ID_JPHAJO,0,0
ID_COB5J5,0,0
ID_7452XG,0,0
ID_LO69JV,0,0
ID_F3L40T,0,0
ID_SR16DA,0,0
ID_51ZZ5L,0,0
ID_EH6VDH,0,0
ID_W6NX8K,0,0
ID_J4CROS,0,0
ID_VMZ258,0,0
ID_KR76HU,0,0
ID_2XQQIE,0,0
ID_GJUHBN,0,0
ID_PESHLH,0,0
ID_ZF8SEK,0,0
ID_EJUZUC,0,0
ID_689Y6E,0,0
ID_20ENLJ,0,0
ID_WYWP2F,0,0
ID_B0PD1F,0,0
ID_0Y5W2G,0,0
ID_61PD9E,0,0
ID_U6AQTV,0,0
ID_3KAOX6,0,0
ID_AY0SIH,0,0
ID_MP2H2M,0,0
ID_9AOD5L,0,0
ID_N2EWQD,0,0
ID_AT120F,0,0
ID_P5UU7P,0,0
ID_ITQAL7,0,0
ID_7IA435,0,0
ID_SULPKJ,0,0
ID_HUGU4X,0,0
ID_QD6DLU,0,0
ID_BFPIQ3,0,0
ID_EAZBXD,0,0
ID_QIR5F4,0,0
ID_4782MO,0,0
ID_ABNDJ3,0,0
ID_NI3I6J,0,0
ID_0W0H9P,0,0
ID_WTVQ3E,0,0
ID_86E4L7,0,0
ID_Z9QWQV,0,0
ID_E893KN,0,0
ID_MTV93M,0,0
ID_O7PVK4,0,0
ID_PVWFVJ,0,0
ID_MISKXI,0,0
ID_S7LSXT,0,0
ID_C6SCW6,0,0
ID_U4971Z,0,0
ID_2FV48Z,0,0
ID_KMBPO6,0,0
ID_EI7JEA,0,0
ID_5ELBYM,0,0
ID_PZ92BO,0,0
ID_U375A6,0,0
ID_CA8ADU,0,0
ID_QUR0ZA,0,0
ID_0HC3NI,0,0
ID_4VRASK,0,0
ID_QVZZRS,0,0
ID_G32Z07,0,0
ID_9N8RWA,0,0
ID_4LG5BD,0,0
ID_4XZQ7F,0,0
ID_J3B6X4,0,0
ID_QL66LV,0,0
ID_HNV5TU,0,0
ID_NXMNNQ,0,0
ID_CWVVLT,0,0
ID_CN858U,0,0
ID_KFN2I4,0,0
ID_CQZAV7,0,0
ID_XV4W6H,0,0
ID_TU77WG,0,0
ID_0XGH0T,0,0
ID_GZF4YZ,0,0
ID_Z8WDOO,0,0
ID_503PAZ,0,0
ID_6IJQM7,0,0
ID_ZO5YTM,0,0
ID_58UOJ9,0,0
ID_ROWXCX,0,0
ID_97P8XE,0,0
ID_8MHM1T,0,0
ID_0H05XN,0,0
ID_INGEJ0,0,0
ID_2W31DI,0,0
ID_BTDUI5,0,0
ID_ZZTNQJ,0,0
ID_T6MYML,0,0
ID_M5D7QK,0,0
ID_BDLH59,0,0
ID_0YMOKV,0,0
ID_61XQIU,0,0
ID_AE4ICB,0,0
ID_MN50M0,0,0
ID_M9P56Y,0,0
ID_26LXM4,0,0
ID_GFUGC9,0,0
ID_ENM5TP,0,0
ID_UNI6DN,0,0
ID_88JI5G,0,0
ID_CPXWZ0,0,0
ID_BMDO2O,0,0
ID_X75YV5,0,0
ID_M1E2E5,0,0
ID_N2M30D,0,0
ID_3WEZFT,0,0
ID_INY7MK,0,0
ID_2REFWQ,0,0
ID_8JE8LQ,0,0
ID_BYGWO1,0,0
ID_R0RHSR,0,0
ID_EJQFY0,0,0
ID_OGDFGK,0,0
ID_HMPYNL,0,0
ID_DXUQKR,0,0
ID_DAL44T,0,0
ID_WYEHVX,0,0
ID_418TJ5,0,0
ID_NKZPJM,0,0
ID_MUMBBQ,0,0
ID_GX22FY,0,0
ID_69B0TU,0,0
ID_KSFLWZ,0,0
ID_QVA3EW,0,0
ID_9VNBP9,0,0
ID_N3GN18,0,0
ID_HAO7SY,0,0
ID_0L5B2X,0,0
ID_4ODX2F,0,0
ID_PJZXUT,0,0
ID_ITOCLS,0,0
ID_NZ0UW6,0,0
ID_VDZ0J4,0,0
ID_G30RAU,0,0
ID_76L7PX,0,0
ID_ZDMMVL,0,0
ID_QV6LBN,0,0
ID_DM9FMN,0,0
ID_ZZTSAL,0,0
ID_83949A,0,0
ID_2MKBYH,0,0
ID_ZAWLNK,0,0
ID_AYV26T,0,0
ID_UZZON2,0,0
ID_KTBL63,0,0
ID_0GK2AM,0,0
ID_YX4DV6,0,0
ID_LWL6TY,0,0
ID_6G4884,0,0
ID_24QMKW,0,0
ID_CQ1ASS,0,0
ID_HAHNPM,0,0
ID_41OVVS,0,0
ID_QQ09O4,0,0
ID_1S3R4L,0,0
ID_2NW9SK,0,0
ID_FJVSRI,0,0
ID_OBUMNF,0,0
ID_OAW2YC,0,0
ID_R66T8G,0,0
ID_EW3GM0,0,0
ID_PS7L3X,0,0
ID_1WPIVA,0,0
ID_K1QMSI,0,0
ID_U5JLQE,0,0
ID_W4NMTI,0,0
ID_QHYI9V,0,0
ID_S7VERL,0,0
ID_I6KBGS,0,0
ID_AN3D4C,0,0
ID_4R5TE4,0,0
ID_ZA6OXL,0,0
ID_38EAIB,0,0
ID_AMCWIM,0,0
ID_C475SE,0,0
ID_BZ8E18,0,0
ID_WNELXT,0,0
ID_7R11B3,0,0
ID_IGN4SK,0,0
ID_6FOZAS,0,0
ID_JYMX98,0,0
ID_9RQQBU,0,0
ID_OGPW3T,0,0
ID_9W6DKS,0,0
ID_5PQ33N,0,0
ID_F3PTJ7,0,0
ID_C4S2QO,0,0
ID_C8EYBD,0,0
ID_G994H9,0,0
ID_TJ7340,0,0
ID_J3CJRV,0,0
ID_BASNOH,0,0
ID_2Z7R6D,0,0
ID_Y1B62M,0,0
ID_TO02H9,0,0
ID_5C3KXF,0,0
ID_6WREXD,0,0
ID_GBNWER,0,0
ID_4UH232,0,0
ID_LKRO8C,0,0
ID_QRKNVZ,0,0
ID_2KXELP,0,0
ID_FX2H2N,0,0
ID_VCZZDG,0,0
ID_WPNGUI,0,0
ID_T11MP3,0,0
ID_F8S8CG,0,0
ID_0NWVDB,0,0
ID_V35HX4,0,0
ID_VQZK3Q,0,0
ID_7HA09Z,0,0
ID_5KK3MP,0,0
ID_U3G1YD,0,0
ID_WLIXGT,0,0
ID_DAYW9B,0,0
ID_IA3VSG,0,0
ID_FI3U9J,0,0
ID_KXENVI,0,0
ID_0WAZH1,0,0
ID_127BZS,0,0
ID_ZTSS0B,0,0
ID_ZETATS,0,0
ID_6V54TW,0,0
ID_MFR6NL,0,0
ID_NE92O6,0,0
ID_AOAY10,0,0
ID_D4KMRF,0,0
ID_MS5SR5,0,0
ID_A9332B,0,0
ID_FYB32G,0,0
ID_EHC5GQ,0,0
ID_WG49OQ,0,0
ID_GBV4J9,0,0
ID_8LWSYO,0,0
ID_BV04R8,0,0
ID_BIGQQX,0,0
ID_XUX6FA,0,0
ID_OUPAE9,0,0
ID_A0H5W2,0,0
ID_BMHV49,0,0
ID_MINF1C,0,0
ID_UOA62A,0,0
ID_CHVRQL,0,0
ID_ETCQYE,0,0
ID_PAPK6H,0,0
ID_2WHUY5,0,0
ID_XR28ZW,0,0
ID_BHAINK,0,0
ID_5ZPLAR,0,0
ID_FWN1N3,0,0
ID_UKQV6A,0,0
ID_XZ26GH,0,0
ID_WGJ2OT,0,0
ID_HX39EQ,0,0
ID_80MI41,0,0
ID_50ZFI9,0,0
ID_NY4YAP,0,0
ID_7SH8HF,0,0
ID_NGSCLZ,0,0
ID_AARWN2,0,0
ID_O2C4K4,0,0
ID_EX7YS4,0,0
ID_AV6OQO,0,0
ID_49WC49,0,0
ID_YGVSWG,0,0
ID_UUUSTV,0,0
ID_6LALDE,0,0
ID_8SBIRQ,0,0
ID_CG3C57,0,0
ID_INQ163,0,0
ID_HDPVBK,0,0
ID_ZM1I1Z,0,0
ID_FV7UZW,0,0
ID_Q3VL2H,0,0
ID_T2S173,0,0
ID_Z3PC7H,0,0
ID_T84LFC,0,0
ID_4JT9DU,0,0
ID_M2GJJO,0,0
ID_QFS8JE,0,0
ID_RZXJG5,0,0
ID_K1SM07,0,0
ID_VQ7Q1W,0,0
ID_K8GLZ7,0,0
ID_DKN3QL,0,0
ID_KM5D53,0,0
ID_WNTVRD,0,0
ID_7N936W,0,0
ID_2PJRH3,0,0
ID_OLL2KF,0,0
